削减护甲	Bypass Armor	1
削减护甲	Panzerung verringert	3
修理	Repair	4
修理	Reparieren	1
干扰冲击	Disruption Blast	1
干扰冲击	Disruptor-Entladung	2
时空提速	Chrono Boost	3
时空提速	Zeitschleife	2
星灵枢纽护盾超载	Nexus Shield Overcharge	1
星灵枢纽护盾超载	Nexusschildüberladung	2
相位变换	Phase Shift	1
相位变换	Phasenverschiebung	2
KD8型炸弹	KD8 Charge	1
KD8型炸弹	KD8-Ladung	2
星灵枢纽护盾超载关闭	Nexus Shield Overcharge Off	1
星灵枢纽护盾超载关闭	Nexusschildüberladung deaktivieren	1
净化新星	Purification Nova	1
净化新星	Psi-Nova	2
变异为破坏者	Morph To Ravager	1
变异为破坏者	Zu Verheerer morphen	1
恢复	Restitution	1
恢复	Wiederherstellen	1
机动突击型载具。可以使用锁定技能在移动状态下快速开火。<n/><n/><c val="#ColorAttackInfo">可以对地。</c>	Mobiles Kampffahrzeug. Kann die Fähigkeit "Erfassen" einsetzen, um während der Bewegung schnell zu feuern.<n/><n/><c val="#ColorAttackInfo">Kann Bodeneinheiten angreifen.</c>	1
机动突击型载具。可以使用锁定技能在移动状态下快速开火。<n/><n/><c val="#ColorAttackInfo">可以对地。</c>	Mobiles Kampffahrzeug. Kann die Fähigkeit "Erfassen" einsetzen, um während der Bewegung schnell zu feuern.<n/><n/><c val="#ColorAttackInfo">Kann Boden- und Lufteinheiten angreifen.</c>	1
拦截机	Interceptors	2
拦截机	Interceptor	1
拦截机	Interceptoren	1
瓦解射线	Disruption Beam	2
瓦解射线	Disruptorstrahl	1
脉冲光线	Pulsar Beam	1
脉冲光线	Pulsarstrahl	4
棱镜光束	Prismastrahl	2
棱镜光束	Prismatic Beam	15
预视	Envision	1
预视	Klarsicht	2
先知武器	Oracle Weapon	1
先知武器	Orakel-Waffe	1
雷兽武器冷却时间	Ultralisk Weapon Cooldown	1
雷兽武器冷却时间	Ultraliskenwaffenabklingzeit	1
虫群之心虚空辉光舰伤害提升	Void Ray Swarm Damage Boost	1
虫群之心虚空辉光舰伤害提升	Phasengleiter - Schwarm, Schaden - Schub	1
虚空虹吸	Void Siphon	1
虚空虹吸	Leerensog	2
猎杀飞弹	Seeker Missile	1
猎杀飞弹	Zielsuchende Rakete	2
猎杀飞弹	Zielsucher	1
群体召回	Mass Recall	6
群体召回	Massenrückruf	1
孵化蝗虫	Spawn Locusts	1
孵化蝗虫	Schrecken erschaffen	1
让虫群宿主孵化的蝗虫可以飞行。飞行蝗虫可以使用俯冲降落至地面进行攻击。	Gestattet es Schrecken, die vom Schwarmwirt erzeugt werden, zu fliegen. Flügelschrecken können die Fähigkeit "Sturzflug" einsetzen, um zu landen und anzugreifen.	1
让虫群宿主孵化的蝗虫可以飞行。飞行蝗虫可以使用俯冲降落至地面进行攻击。	Schrecken, die vom Schwarmwirt erzeugt werden, können fliegen. Flügelschrecken können die Fähigkeit "Sturzflug" einsetzen, um zu landen und anzugreifen.	1
岩石	Felsen	15
岩石	Fels	3
强酸脊刺	Acid Spines	2
强酸脊刺	Säurestacheln	1
联合指挥官	Verbündete Kommandanten	1
联合指挥官	CO-OP-MISSIONEN	20
着陆	Land	3
着陆	Landen	1
升空	Lift Off	3
升空	Abheben	1
战机模式	Fighter Mode	1
战机模式	Kampffliegermodus	1
研发	Research	1
研发	ERFORSCHEN	1
研发	FORSCHUNG	1
研发	Forschung	1
停火	Hold Fire	1
停火	Feuer einstellen	1
自由射击	Weapons Free	2
自由射击	Feuer frei	1
治疗	Heal	2
治疗	Heilen	1
应急推进器	Emergency Thrusters	1
应急推进器	Notfallschubdüsen	2
攻城模式	Siege	1
攻城模式	Belagerungsmodus	1
建造	Construct	1
建造	Bauen	1
载具后燃充能	Vehicle Afterburners	1
载具后燃充能	Fahrzeug - Nachbrenner	1
迷宫式隐形迷彩	Pyrokinetische Verbrennung	1
迷宫式隐形迷彩	Labyrinth-Tarnung	2
轰炸	Bombardment	1
轰炸	Bombardierung	1
装载	Einladen	7
装载	Aufladen	1
全部卸载	Alles ausladen	3
全部卸载	Alle ausladen	3
帝国的力量	Stärke des Imperiums	7
帝国的力量	Macht des Imperiums	1
回收	Salvage	1
回收	Wiederverwertung	2
采集	Gather	1
采集	Abbauen	5
大和炮	Yamato Gun	1
大和炮	Den pust ich weg!	2
大和炮	Yamato-Kanone	2
卸载所有单位。	Lädt alle Einheiten aus.	5
卸载所有单位。	Alle Einheiten ausladen.	1
强大的皇家卫队战舰。可以使用大和炮与战术跳跃。在星港中建造。<n/><n/><c val="#ColorAttackInfo">可以对地和对空。</c>	Mächtiges Kriegsschiff der Imperialen Wache. Kann die Fähigkeiten "Yamato-Kanone" und "Taktischer Warpsprung" einsetzen.<n/><n/><c val="#ColorAttackInfo">Kann Boden- und Lufteinheiten angreifen.</c>	1
强大的皇家卫队战舰。可以使用大和炮与战术跳跃。在星港中建造。<n/><n/><c val="#ColorAttackInfo">可以对地和对空。</c>	Mächtiges Kriegsschiff der Imperialen Wache. Kann die Fähigkeiten "Yamato-Kanone" und "Taktischer Warpsprung" einsetzen. Wird im Raumhafen gebaut.<n/><n/><c val="#ColorAttackInfo">Kann Boden- und Lufteinheiten angreifen.</c>	1
建造在瓦斯气泉上，用于采集高能瓦斯。	Wird über einem Vespingeysir herangewarpt, um die Förderung von Vespingas zu ermöglichen.	2
建造在瓦斯气泉上，用于采集高能瓦斯。	Mutation über einem Vespingeysir, um den Abbau von Vespingas zu ermöglichen.	2
建造在瓦斯气泉上，用于采集高能瓦斯。	Wird über einem Vespingeysir gebaut, um die Förderung von Vespingas zu ermöglichen.	2
专业对空攻击手。可以切换为劳工。<n/><n/><c val="#ColorAttackInfo">可以对地和对空。</c>	Spezialisierte Luftabwehreinheit. Kann zum Arbeiter werden.<n/><n/><c val="#ColorAttackInfo">Kann Boden- und Lufteinheiten angreifen.</c>	1
专业对空攻击手。可以切换为劳工。<n/><n/><c val="#ColorAttackInfo">可以对地和对空。</c>	Spezialisierte Anti-Infanterie-Einheit. Kann zum Arbeiter werden.<n/><n/><c val="#ColorAttackInfo">Kann Bodeneinheiten angreifen.</c>	1
空对空激光炮组	ATA Laser Battery	2
空对空激光炮组	LL-Laserbatterie	2
空对地激光炮组	ATS Laser Battery	2
空对地激光炮组	LB-Laserbatterie	2
C-10型霰弹步枪	C-10 Canister Rifle	1
C-10型霰弹步枪	K-10-Kanistergewehr	1
+~A~%	+~A~%	43
+~A~%	+ ~A~%	1
+~A~%	+~A~ Prozent	1
长箭飞弹	Longbolt Missile	3
长箭飞弹	Kapillar-Rakete	2
骨针	Needle Spines	3
骨针	Nadelstacheln	2
惩罚者榴弹	Punisher Grenades	4
惩罚者榴弹	Punisher-Granaten	2
利爪	Talons	2
利爪	Klauen	5
利爪	Krallen	1
潜地	Burrow	2
潜地	Eingraben	3
出地	Unburrow	1
出地	Ausgraben	1
腐蚀喷液	Caustic Spray	1
腐蚀喷液	Ätzendes Sekret	1
“艾的急切”超载	F.A.S.T. Overload	1
“艾的急切”超载	T.U.R.B.O.-Überladung	2
“艾的呵护”超载	H.U.G.S. Overload	1
“艾的呵护”超载	H.E.I.L.E.-Überladung	2
“艾的滋润”超载	J.U.I.C.E. Overload	1
“艾的滋润”超载	S.A.F.T.-Überladung	2
扎根	Root	2
扎根	Verwurzeln	2
站起	Uproot	2
站起	Entwurzeln	2
取消	Abbrechen	9
取消	Cancel	1
取消	ABBRECHEN	4
爆炸	Explode	1
爆炸	Explodieren	1
爆炸	Nachbrenner	1
机械孵化场的更高级形态，为机械异虫提供更多的升级方案和建筑方案。可孵化所有机械异虫单位和接收采集到的资源。	Noch weiter entwickelte Version der Mecha-Brutstätte, welche die Entwicklung weiterer Upgrades und den Bau weiterer Strukturen ermöglicht. Erschafft alle Mecha-Zerg-Einheiten und dient als Abgabestelle für abgebaute Ressourcen.	1
机械孵化场的更高级形态，为机械异虫提供更多的升级方案和建筑方案。可孵化所有机械异虫单位和接收采集到的资源。	Weiterentwickelte Version der Mecha-Brutstätte, welche die Entwicklung weiterer Upgrades und den Bau weiterer Strukturen ermöglicht. Erschafft alle Mecha-Zerg-Einheiten und dient als Abgabestelle für abgebaute Ressourcen.	1
刺针利爪	Needle Claws	1
刺针利爪	Nadelklauen	1
寄生孢子	Parasite Spore	2
寄生孢子	Parasitäre Spore	2
机械飞蝗截击机	Schreckceptor	1
机械飞蝗截击机	Schreckceptoren	1
牵引光束	Tractor Beam	1
牵引光束	Traktorstrahl	1
制造共生体	Create Symbiote	1
制造共生体	Symbionten erschaffen	1
菌毯愈合	Creep Mend	1
菌毯愈合	Kriecherheilung	1
愈合	Mend	1
愈合	Heilen	5
酸蚀之云	Acidic Cloud	1
酸蚀之云	Ätzende Wolke	1
高级建造	Advanced Construction	1
高级建造	Advanced Build	1
高级建造	Fortgeschrittenes Bauen	3
建筑超载	Structure Overcharge	1
建筑超载	Gebäudeüberladung	3
攻击	Attack	3
攻击	Angreifen	4
攻击	Angriff	3
生物机械哺液	Bio-Mechanical Transfusion	1
生物机械哺液	Biomechanische Transfusion	2
损坏的德拉肯激光钻机	Broken Drakken Laser Drill	1
损坏的德拉肯激光钻机	Defekter Drakken-Laserbohrer	1
损坏的太阳锻炉	Broken Solar Forge	1
损坏的太阳锻炉	Beschädigte Solarschmiede	1
建造磁轨炮塔	Build Railgun Turret	1
建造磁轨炮塔	Railgun-Geschütz bauen	2
武库超载	Arsenal Overcharge	2
武库超载	Kampfüberladung	2
太阳能炮	Solar Cannon	1
太阳能炮	Solarkanone	1
隐形力场	Cloaking Field	2
隐形力场	Tarnfeld	3
孵化虫群	Spawn Swarm	1
孵化虫群	Schwarm erschaffen	1
腐蚀强酸	Corrosive Acid	1
腐蚀强酸	Ätzende Säure	2
受损的进化坑	Damaged Evolution Pit	1
受损的进化坑	Beschädigte Evolutionsgrube	2
DarkPylonMorph	DarkPylonMorph	1
DarkPylonMorph	Transformation zu Dunklen Pylonen	1
闪现	Blink	1
闪现	Transit	2
吞食	Devour	1
吞食	Verschlingen	1
破胆咆哮	Intimidating Roar	1
破胆咆哮	Einschüchterndes Gebrüll	4
跳跃	Leap	1
跳跃	Anspringen	1
原始恢复	Primal Regeneration	1
原始恢复	Urheilung	2
原始突变	Primal Mutation	1
原始突变	Urmutation	1
横扫	Swipe	1
横扫	Krallenhieb	1
尖刺弹幕	Barrage of Spikes	1
尖刺弹幕	Stachelsalve	3
部署蜘蛛雷	Deploy Spider Mines	2
部署蜘蛛雷	Spinnenmine legen	2
进化为莽兽	Evolve to Brutalisk	1
进化为莽兽	Zu Brutalisk morphen	4
能量反蚀	Feedback	4
能量反蚀	Rückkopplung	1
太阳能光爆	Solarite Flare	1
太阳能光爆	Solaritbrandsatz	1
头撞	Headbutt	1
头撞	Kopfstoß	1
喷气背包突击	Jump Jet Assault	1
喷气背包突击	Sprungdüsenangriff	1
定点防御无人机	Point Defense Drone	2
定点防御无人机	Verteidigungsdrohne	4
Instant Seeker Missile	Instant Seeker Missile	2
Instant Seeker Missile	Verzögerungslose zielsuchende Rakete	1
灵能漩涡	Maelstrom	1
灵能漩涡	Mahlstrom	4
吸收光环	Assimilation Aura	1
吸收光环	Assimilationsaura	2
猛犸射线	Mammoth Beam	1
猛犸射线	Mammutstrahl	1
猛犸之息	Mammoth Breath	1
猛犸之息	Mammutatem	1
MapObjectInteract	MapObjectInteract	1
MapObjectInteract	Kartenziel - Interaktion	1
压制恶臭	Oppressive Stench	1
压制恶臭	Lähmender Gestank	1
仆从机	Servitors	1
仆从机	Servitor	1
相位光炮	Phase Cannon	1
相位光炮	Phasenkanone	1
暗影之刃	Shadow Blade	1
暗影之刃	Schattenklinge	1
醒醒！	Wake Up!	1
醒醒！	Aufwachen!	1
脉冲手雷	Impulsgranate	2
脉冲手雷	Impulsgranaten	1
穿刺弹	Penetrator Round	1
穿刺弹	Durchschlagsmunition	1
突杀	Dash Attack	1
突杀	Sturmangriff	1
相位模式	Phasing Mode	1
相位模式	Phasenmodus	1
原始刺蛇到异龙	PrimalHydraliskToMutalisk	1
原始刺蛇到异龙	Urhydralisk zu Mutalisk	1
灵能风暴	Psi Storm	1
灵能风暴	Psi-Sturm	3
RedstoneSalamanderFireball	RedstoneSalamanderFireball	1
RedstoneSalamanderFireball	Redstone-Salamander - Feuerball	1
RedstoneSalamanderFirebreath	RedstoneSalamanderFirebreath	1
RedstoneSalamanderFirebreath	Redstone-Salamander - Feuer speien	1
RedstoneSalamanderTunnel	RedstoneSalamanderTunnel	1
RedstoneSalamanderTunnel	Redstone-Salamander - Tunnel	1
集束火箭	Cluster Rockets	1
集束火箭	Streuraketen	1
霉菌滋生	Fungal Growth	4
霉菌滋生	Pilzbefall	3
暗影之怒	Shadow Fury	1
暗影之怒	Schattenrausch	2
虚空静滞	Void Stasis	1
虚空静滞	Leerenstasis	3
孵化剧毒巢穴	Spawn Toxic Nest	1
孵化剧毒巢穴	Giftnest erschaffen	1
支配	Domination	1
支配	Kontrolle	1
支配	Fremdsteuern	1
呕喷	Spew	1
呕喷	Ausspeien	2
腐化	Corruption	5
腐化	Korrumpierung	3
史克比的天使	Skibis Angels	1
史克比的天使	Schwestern ohne Grenzen	5
触手攻击	Tentacle Attack	1
触手攻击	Tentakelangriff	1
地嗪节点 开启	TerrazineNode On	1
地嗪节点 开启	Terrazinquelle EIN	1
地嗪节点 关闭	TerrazineNode Off	1
地嗪节点 关闭	Terrazinquelle AUS	1
运输模式	Transport Mode	1
运输模式	Transportmodus	1
空投奥丁	Calldown Odin	1
空投奥丁	Odin anfordern	2
巨炮乱射	Barrage	1
巨炮乱射	Sperrfeuer	3
爆破炸弹	Demolition Charge	1
爆破炸弹	Detonationsladung	2
粉碎者手雷	Shredder Grenade	1
粉碎者手雷	Schreddergranate	1
超声波脉冲	Ultrasonic Pulse	1
超声波脉冲	Ultraschall-Impuls	1
召唤休伯利安号	Summon Hyperion	1
召唤休伯利安号	Fordert die Hyperion an	1
Void Shard ACUnstable Energy	Void Shard ACUnstable Energy	2
Void Shard ACUnstable Energy	Leerensplitter (Co-op-Mission) - Instabile Energie	1
虚空裂片AC不稳能量	Void Sliver AC Unstable Energy	1
虚空裂片AC不稳能量	Leerenkristall -AC, Instabile Energie	1
虚空裂片AC不稳能量	Leerenkristall - AC, Instabile Energie	1
虫洞模式	Wormhole Mode	1
虫洞模式	Wurmlochmodus	1
ZeratulWarpPrismBlink	ZeratulWarpPrismBlink	1
ZeratulWarpPrismBlink	Zeratul - Warpprisma, Transit	1
灵能爆裂	Psionic Blast	1
灵能爆裂	Psi-Explosion	1
灵能狂风	Psionic Gale	1
灵能狂风	Psi-Orkan	2
航母艾尔	Träger - Aiur	1
航母艾尔	Koloss - Aiur	1
吞噬者	Der Verschlinger	1
吞噬者	Verschlinger	1
吞噬者	Vernichter	1
维京战机	Viking	5
维京战机	Viking - Kampfflieger	1
利维坦	Leviathan-Brut	17
利维坦	Leviathan	3
凯莫瑞安工人	Kel-morianische Arbeiter	1
凯莫瑞安工人	Kel-morianischer Arbeiter	3
孢子爬虫	Sporenkrabbler	3
孢子爬虫	Sporenkrabbler - Waffe	1
跳虫	Zergling	6
跳虫	Zerglinge	1
求生无路	Night 2 Die	1
求生无路	Nacht des Grauens	1
隐形	Tarnung	1
隐形	Getarnt	1
黑暗圣堂武士召回	Dunkler Templer - ruft zurück	1
黑暗圣堂武士召回	Dunkler Templer - Rückruf	1
空投舱急速	Tempoerhöhung durch Landekapsel	1
空投舱急速	Landekapseltempo	1
焦油炸弹	Teerbombe	1
焦油炸弹	Teerbomben	3
猛烈撞击	Heftiger Aufprall	2
猛烈撞击	Schleudertrauma	2
燃烧	Brennt	2
燃烧	In Brand setzen	1
狂暴	Frenzy	1
狂暴	Rasend	1
狂暴	Raserei	1
时空力场	Temporales Feld	2
时空力场	Temporale Felder	1
瘟疫	Plague	1
瘟疫	Seuche	1
瘟疫	Blutbad	1
时间扭曲	Time Warp	1
时间扭曲	Zeitkrümmung	2
On Death Controller	Beim Tod - Controller	1
On Death Controller	On Death Controller	1
On Death Vorazun Recall On Death Recently Recalled	Beim Tod - Vorazun, Lebenserhaltungssysteme - kürzlich zurückgerufen	1
On Death Vorazun Recall On Death Recently Recalled	On Death Vorazun Recall On Death Recently Recalled	1
感染虫群	Infested Swarm	1
感染虫群	Verseuchter Schwarm	1
Symb Create Controller	Symbiont - erschaffen, Controller	1
Symb Create Controller	Symb Create Controller	1
Void Shard ACDamage Field Debuff	Leerensplitter - Allied Commanders, Schaden - Feld, Debuff	1
Void Shard ACDamage Field Debuff	Void Shard ACDamage Field Debuff	1
淬毒骨刺	Vergiftete Stacheln	2
淬毒骨刺	Envenomed Spines	1
该单位已隐形，只能被侦测单位或侦测效果发现。	Diese Einheit ist getarnt und kann nur von Detektoreinheiten oder -effekten aufgedeckt werden.	2
该单位已隐形，只能被侦测单位或侦测效果发现。	Diese Einheit ist getarnt, bis sie von Detektoreinheiten oder -effekten aufgedeckt wird.	1
统合屏障可以阻挡任何伤害超过20点的攻击或法术。该效果每<d ref="Behavior,KaraxUnitSpawnBarrierDisabled,Duration"/>秒只能触发一次。	Die Barriere der Einigkeit blockt einen Angriff oder eine Fähigkeit, die mindestens 20 Schaden verursacht. Kann nur einmal alle <d ref="Behavior,KaraxUnitSpawnBarrierDisabled,Duration"/> Sek. auftreten.	1
统合屏障可以阻挡任何伤害超过20点的攻击或法术。该效果每<d ref="Behavior,KaraxUnitSpawnBarrierDisabled,Duration"/>秒只能触发一次。	Die Barriere der Einigkeit blockt einen Angriff oder eine Fähigkeiten, die mindestens 20 Schaden verursacht. Kann nur einmal alle <d ref="Behavior,KaraxUnitSpawnBarrierDisabled,Duration"/> Sek. auftreten.	1
所有敌方建筑会攻击附近的敌对单位。	Alle gegnerischen Gebäude greifen feindlich gesinnte Einheiten in der Nähe an.	1
所有敌方建筑会攻击附近的敌对单位。	Alle gegnerischen Gebäude greifen feindliche Einheiten in der Nähe an.	2
该单位被困住了。	Diese Einheit wurde auf den Boden gezwungen.	1
该单位被困住了。	Diese Einheit wird auf den Boden gezwungen.	1
330毫米口径弹幕火炮	330mm-Sperrfeuerkanone	1
330毫米口径弹幕火炮	330mm Barrage Cannons	1
排放菌毯	Generate Creep	1
排放菌毯	Kriechererzeugung	1
热能射线枪	Thermal Lances	7
热能射线枪	Thermolanze	1
折跃母舰	Train Mothership	1
折跃母舰	Mutterschiff heranwarpen	1
召回	Recall	1
召回	Rückruf	1
净化	Purify	2
净化	Läutern	4
飞扑	Swoop	1
飞扑	Sturzflug	1
衰变	Disintegration	1
衰变	Desintegration	2
进化深槽虫道	Tiefentunnel weiterentwickeln	1
进化深槽虫道	Tiefentunnel entwickeln	2
重力碎裂炮	Gravitondisruptor	1
重力碎裂炮	Gravitondisruptoren	1
加载	Laden	2
加载	LADEN	1
孵化虫后	Train Queen	1
孵化虫后	Königin erschaffen	1
破坏者	Verheerer	4
破坏者	Zerstörer	1
修理太阳锻炉	Solarschmiede reparieren	1
修理太阳锻炉	Repariert die Solarschmiede.	1
研究后燃充能	Nachbrenner erforschen	3
研究后燃充能	Zielsystem der Ares-Klasse erforschen	1
神经寄生	Neural Parasite	2
神经寄生	Neuralparasit	5
执政官战甲	Konfiguration Prätorpanzerung	1
执政官战甲	Konfiguration Prätorpanzerung aktiv	1
时间停止	Time Stop	1
时间停止	Zeitstillstand	1
暴龙兽	Torrasque	2
暴龙兽	Tyrannozor	1
投射一道可移动但无法攻击的无敌阴影。<n/><n/>激活此技能后，使徒会在<d ref="Behavior,AdeptPhaseShiftTimer,Duration"/>秒后传送到阴影的位置。<n/><n/>激活后可以取消。	Erschafft ein unverwundbares Abbild, das nicht angreifen kann.<n/><n/><d ref="Behavior,AdeptPhaseShiftTimer,Duration"/> Sek. nach der Aktivierung teleportiert sich der Adept zum Abbild.<n/><n/>Kann nach der Aktivierung abgebrochen werden.	1
投射一道可移动但无法攻击的无敌阴影。<n/><n/>激活此技能后，使徒会在<d ref="Behavior,AdeptPhaseShiftTimer,Duration"/>秒后传送到阴影的位置。<n/><n/>激活后可以取消。	Erschafft einen unverwundbaren Schatten, der nicht angreifen kann.<n/><n/><d ref="Behavior,AdeptPhaseShiftTimer,Duration"/> Sek. nach der Aktivierung teleportiert sich der Adept zur Position des Schatten.<n/><n/>Kann nach der Aktivierung abgebrochen werden.	1
喷射胆汁轰炸目标区域，伤害区域内的地面和空中单位。	Bombardiert Zielgebiete mit Galle, die Boden- und Lufteinheiten im Gebiet Schaden zufügt.	1
喷射胆汁轰炸目标区域，伤害区域内的地面和空中单位。	Bombardiert Zielgebiet mit Galle, die Boden- und Lufteinheiten im Gebiet Schaden zufügt.	1
空中单位研发建筑。科技实验室可以同任何生产建筑相组合。<n/><n/><c val="ffff8a">开启：</c><n/>- 被感染的女妖<n/>- 虫巢女王	Forschungseinrichtung für Lufteinheitverbesserungen. Tech-Labore können an jede Produktionseinrichtung angeschlossen werden.<n/><n/><c val="ffff8a">Ermöglicht:</c><n/>- Verseuchte Banshees<n/>- Königin	1
空中单位研发建筑。科技实验室可以同任何生产建筑相组合。<n/><n/><c val="ffff8a">开启：</c><n/>- 被感染的女妖<n/>- 虫巢女王	Forschungseinrichtung für Lufteinheitverbesserungen. Tech-Labore können an jede Produktionseinrichtung angeschlossen werden.<n/><n/><c val="ffff8a">Ermöglicht:</c><n/>- Verseuchte Banshees<n/>- Königinnen	1
远程对地飞行单位。<n/><n/><c val="ffff8a">可以对地。</c>	Flugeinheit zur Bodenabwehr mit großer Reichweite. <n/><n/><c val="ffff8a">Kann Bodeneinheiten angreifen.</c>	1
远程对地飞行单位。<n/><n/><c val="ffff8a">可以对地。</c>	Flugeinheit zur Bodenabwehr mit großer Reichweite.<n/><n/><c val="ffff8a">Kann Bodeneinheiten angreifen.</c>	1
<n><n><c val="F0FD02">超载！</c>在武库超载激活时施放技能没有冷却时间。	<n><n><c val="F0FD02">Überladen!</c> Diese Fähigkeit hat keine Abklingzeit, während "Kampfüberladung" aktiv ist.	2
<n><n><c val="F0FD02">超载！</c>在武库超载激活时施放技能没有冷却时间。	<n><n><c val="F0FD02">Überladen!</c> Hat keine Abklingzeit, während "Kampfüberladung" aktiv ist.	1
<n/><n/><c val="FFFF8A">精通：</c>冷却时间缩短<c val="FFFF8A"><d ref="Effect,MasteryZeratulAvatarCooldownDisplayDummy,Amount" player="current"/></c>秒。	<n/><n/><c val="FFFF8A">Meisterung:</c> Verringert die Abklingzeit um <c val="FFFF8A"><d ref="Effect,MasteryZeratulAvatarCooldownDisplayDummy,Amount" player="current"/></c>.	1
<n/><n/><c val="FFFF8A">精通：</c>冷却时间缩短<c val="FFFF8A"><d ref="Effect,MasteryZeratulAvatarCooldownDisplayDummy,Amount" player="current"/></c>秒。	<n/><n/><c val="FFFF8A">Meisterung:</c> Verringert die Abklingzeit um <c val="FFFF8A"><d ref="Effect,MasteryZeratulAvatarCooldownDisplayDummy,Amount" player="current"/></c> Sek.	1
主力防御建筑。<n/><n/><c val="ffff8a">可以对地和对空。</c><n/><c val="FFE303">侦测单位</c>	Primäres Verteidigungsgebäude.<n/><n/><c val="ffff8a">Kann Boden- und Lufteinheiten angreifen.</c><n/><c val="FFE303">Detektor</c>	4
主力防御建筑。<n/><n/><c val="ffff8a">可以对地和对空。</c><n/><c val="FFE303">侦测单位</c>	Primäre Verteidigungsstruktur.<n/><n/><c val="ffff8a">Kann Boden- und Lufteinheiten angreifen.</c><n/><c val="FFE303">Detektor</c>	1
将超维空间巨石投射至目标位置，同时传递其所有护盾和武器，持续<d ref="Behavior,ZeratulPhotonCannonProjection,Duration"/>秒。超维空间巨石在该技能激活期间处于失效状态。	Erschafft am Zielort <d ref="Behavior,ZeratulPhotonCannonProjection,Duration"/> Sek. lang ein Abbild des Tesseraktmonolithen, inklusive aller Schilde und Waffen. Der Tesseraktmonolith wird deaktiviert, solange diese Fähigkeit aktiv ist.	1
将超维空间巨石投射至目标位置，同时传递其所有护盾和武器，持续<d ref="Behavior,ZeratulPhotonCannonProjection,Duration"/>秒。超维空间巨石在该技能激活期间处于失效状态。	Erschafft am Zielort <d ref="Behavior,ZeratulPhotonCannonProjection,Duration"/> Sek. lang ein Abbild der Tesseraktkanone, inklusive aller Schilde und Waffen. Die Tesseraktkanone wird deaktiviert, solange diese Fähigkeit aktiv ist.	1
ACPirate Capital Ship Tractor Beam	ACPirate Capital Ship Tractor Beam	3
ACPirate Capital Ship Tractor Beam	Verbündete Kommandanten - Großes Piratenschiff, Traktorstrahl	1
Karax Void Coop SOA Energy Recharge Set	Karax Void Coop SOA Energy Recharge Set	1
Karax Void Coop SOA Energy Recharge Set	Karax Void Coop SOA Energy Recharge Target AB	1
精通 阿塔尼斯 守护者之壳治疗	Mastery Artanis Guardian Shell Heal	1
精通 阿塔尼斯 守护者之壳治疗	Meisterung - Artanis, Wächterhülle - Heilung	1
聚变弹头	Nuke	5
聚变弹头	Nuklearrakete	1
Queen Classic Dummy Weapon	Queen Classic Dummy Weapon	1
Queen Classic Dummy Weapon	Königin - Klassisch, Dummy - Waffe	1
升级	UPGRADE	1
升级	Upgrades	1
升级	Neue Stufe	2
升级	Neuer Rang	1
Warbot Dummy Weapon	Warbot Dummy Weapon	1
Warbot Dummy Weapon	Kriegsbot - Dummy, Waffe	1
<c val="FF9800">你的英雄已阵亡。</c>	<c val="FF9800">Ihr Held ist gestorben.</c>	2
<c val="FF9800">你的英雄已阵亡。</c>	<c val="FF9800">Ihr Held wurde wiederbelebt.</c>	1
杀戮机器人	Killer-Bot	1
杀戮机器人	Killerbot	2
杀戮机器人	Killerbots	1
同化体	Duplikator	2
同化体	Duplikatoren	2
NYI	This is the same voice as the Dominion Officer in the Terran tutorial mission. (Already cast). He is a little more cocky and sarcastic this time.	1
NYI	Already cast	1
确认	Bestätigen	1
确认	BESTÄTIGEN	1
关闭	Aus	4
关闭	Off	1
关闭	Schließen	4
关闭	SCHLIESSEN	2
胜利	Sieg	1
胜利	SIEG!	1
返回	Resume	1
返回	Zurück	1
返回	ZURÜCK	3
被感染的人类	Infested Terrans	2
被感染的人类	Verseuchter Terraner	2
星灵护甲等级1	Protoss-Panzerung (Level 1)	1
星灵护甲等级1	Level-1-Upgrade für Panzerung (Protoss)	1
星灵武器等级1	Protoss-Waffen (Level 1)	1
星灵武器等级1	Level-1-Upgrade für Waffen (Protoss)	1
星灵武器等级2	Protoss-Waffen (Level 2)	1
星灵武器等级2	Level-2-Upgrade für Waffen (Protoss)	1
星灵护甲等级2	Protoss-Panzerung (Level 2)	1
星灵护甲等级2	Level-2-Upgrade für Panzerung (Protoss)	1
空	null	1
空	Leer	1
开始游戏	Spiel starten	2
开始游戏	SPIEL STARTEN	1
休闲	MODERAT	1
休闲	Moderat	1
普通	Mittel	1
普通	NORMAL	1
普通	Normal	6
困难	Schwer	3
困难	SCHWER	1
残酷	BRUTAL	1
残酷	Brutal	1
指挥官	Kommandant	2
指挥官	Kommandantin	1
任务	Mission	2
任务	MISSION	1
任务	Quests	1
信标	Beacon	2
信标	SIGNAL	1
萃取设施	Extraktionsanlage	1
萃取设施	Extraktionsanlagen	1
攻击型无人机	Angriffsdrohne	1
攻击型无人机	Angriffsdrohnen	2
护盾	Shields	1
护盾	Schilde	1
捕食者	Predator	1
捕食者	Raubtier	1
收割者蜘蛛雷	Reaper Spider Mines	1
收割者蜘蛛雷	Spinnenminen für Rächer	1
基地	ABGABE	1
基地	Abgabestellen	1
隐形的敌人可以被由王虫变异而成的眼虫探测到，或者被由工蜂变异而成的孢子爬虫探测到。	Sie können getarnte Gegner aufspüren, indem Sie Overlords zu Overseers oder Drohnen zu Sporenkrabblern morphen.	1
隐形的敌人可以被由王虫变异而成的眼虫探测到，或者被由工蜂变异而成的孢子爬虫探测到。	Sie können getarnte Gegner aufspüren, indem Sie Overlords zu Overseers oder Drohnen zu Sporenkrabbler morphen.	1
时空提速速度	Zeitschleifengeschwindigkeit	3
时空提速速度	Effizienz der Zeitschleife	1
PnP - Hybrid Released	Materialschlacht - Hybrid freigesetzt	1
PnP - Hybrid Released	Materialschlacht - Hybrid freigelassen	1
舒特	Schutter	1
舒特	Shute	1
特工	Agentin	1
特工	Agent	1
少校	Lt. Commander	2
少校	Major	2
守护者阿巴瑟	Abathurs Wächter	1
守护者阿巴瑟	Wächter - Abathur	1
被感染的人类 -	Verseuchter Terrane -	10
被感染的人类 -	Verseuchte Terraner -	6
自定义	Benutzerdefiniert	2
自定义	EIGENE SPIELE	1
反冲火箭	Backlash Rockets	3
反冲火箭	Backlash-Raketen	2
相位碎裂炮	Phase Disruptors	1
相位碎裂炮	Phasendisruptoren	1
灵能冲击波	Psionic Shockwave	1
灵能冲击波	Psi-Schockwelle	1
烈性爆弹	Volatile Burst	3
烈性爆弹	Explosives Aufplatzen	2
灵能利刃	Psi Blades	1
灵能利刃	Psi-Klingen	1
地狱火喷射器	Infernal Flame Thrower	4
地狱火喷射器	Flammenwerfer "Inferno"	2
电磁枪	Gauss Rifle	1
电磁枪	Gaußgewehr	1
曲光战刃	Warp Blades	1
曲光战刃	Warpklingen	1
巨型EMP	Giant EMP	7
巨型EMP	Massive EMP-Ladung	2
悬浮攻城模式	Hover Siege Mode	1
悬浮攻城模式	Schwebender Belagerungsmodus	2
悬浮取消攻城模式	Hover Unsiege	1
悬浮取消攻城模式	Schwebend - Belagerungsmodus verlassen	1
创建绊索中型	Create Trip Wire Medium	1
创建绊索中型	Mittlere Laserschranke erschaffen	1
创建绊索小型	Create Trip Wire Small	1
创建绊索小型	Kleine Laserschranke erschaffen	1
发射警戒机器人	Launch Alarm Bot	1
发射警戒机器人	Alarmbot aktivieren	1
发射声呐无人机	Launch Sonar Drone	2
发射声呐无人机	Sonardrohne aktivieren	1
无敌护盾	Invulnerability Shield	1
无敌护盾	Unverwundbarkeitsschild	2
虚空辉光舰机库	Voidray Hangar	1
虚空辉光舰机库	Phasengleiterhangar	1
折跃	Wird herangewarpt	1
折跃	Heranwarpen	1
折跃	Warptore	1
折跃离开	Warp Out	1
折跃离开	Herauswarpen	1
单兵防御矩阵	Personal Defensive Matrix	1
单兵防御矩阵	Persönliche Verteidigungsmatrix	1
声呐提示	Sonar Ping	1
声呐提示	Sonarsignal	1
目标敌人	Target Enemy	1
目标敌人	Feind anvisieren	1
死亡射线	Death Laser	1
死亡射线	Todeslaser	3
武藏射线	Musashi Beam	2
武藏射线	Musashi-Strahl	2
聚变发射器	Nuke Launcher	1
聚变发射器	Silo für Nuklearraketen	2
异虫DNA	Zerg DNA	1
异虫DNA	Zerg-DNS	1
放置灵能发射器	Place Psi Emitter	1
放置灵能发射器	Psi-Emitter platzieren	1
备用感应无人机发射物	Sensor Alternate Drone Missile	1
备用感应无人机发射物	Alternative Sensordrohne - Geschoss	1
侦测无人机隐形	Sensor Drone Cloak	1
侦测无人机隐形	Sensordrohne tarnen	2
侦测无人机隐形场	Sensor Drone Cloaking Field	1
侦测无人机隐形场	Sensordrohne - Tarnfeld	1
侦测无人机隐形场	Sensor Drone Cloak Field	1
侦测无人机锁定	Sensor Drone Lock On	1
侦测无人机锁定	Sensordrohne - Erfassen	2
埋设地雷	Lay Mine	1
埋设地雷	Mine legen	1
Suppress Attack (1s)	Angriff unterdrücken (1 Sek.)	1
Suppress Attack (1s)	Suppress Attack (1s)	1
D-8型炸药	D-8-Ladung	3
D-8型炸药	D-8 Charge	2
EMP冲击	EMP-Ladung	1
EMP冲击	EMP-Entladung	1
悬浮恶蝠	Schwebender Kampfhellion	1
悬浮恶蝠	Hover Hellbat	1
悬浮恶蝠	Schwebekampfhellion	1
悬浮恶蝠模式	Schwebender Kampfhellion-Modus	1
悬浮恶蝠模式	Schwebender Hellion-Modus	1
NovaXanthosLaserFire	Nova - Xathos, Laserfeuer	1
NovaXanthosLaserFire	NovaXanthosLaserFire	1
使用猎杀飞弹武器替换猎杀飞弹技能，可自动攻击敌方单位且不会消耗能量。	Ersetzt die konventionelle zielsuchende Rakete durch eine Verfolgerrakete, die gegnerische Einheiten automatisch angreift und keine Energie benötigt.	1
使用猎杀飞弹武器替换猎杀飞弹技能，可自动攻击敌方单位且不会消耗能量。	Ersetzt die konventionelle zielsuchende Rakete durch eine verbesserte Version, die gegnerische Einheiten automatisch angreift und keine Energie benötigt.	1
无	Nichts	3
无	Keine	4
无	None	2
无	Keiner	1
无	Niemand	1
人控炮塔	Manned Turret	1
人控炮塔	Bemannter Turm	2
补给箱	Ausrüstungscontainer	1
补给箱	Vorratskiste	1
英雄	Held	2
英雄	Helden	2
Rick Wasserman	Richard van Weyden	1
Rick Wasserman	Peter Wenke	1
Patrick Seitz	Joachim Tennstedt	2
Patrick Seitz	Gordon Piedesack	1
Fred Tatasciore	Stefan Müller-Ruppert	2
Fred Tatasciore	Nick Benjamin	1
Already Cast	Already Cast	1
Already Cast	Blair Bess	1
Nika Futterman	Dina Kürten	1
Nika Futterman	Susanne Grawe	1
Nika Futterman	Sonngard Dressler	1
自定义镜头01	Benutzerdefinierte Kamera 01	1
自定义镜头01	Custom Camera 01	1
自定义镜头02	Benutzerdefinierte Kamera 02	1
自定义镜头02	Custom Camera 02	1
自定义镜头03	Benutzerdefinierte Kamera 03	1
自定义镜头03	Custom Camera 03	1
自定义镜头04	Benutzerdefinierte Kamera 04	1
自定义镜头04	Custom Camera 04	1
远	Weit	1
远	Far	1
过肩	Schulterkamera	1
过肩	Shoulder	1
在记忆闪回阶段所做的单位选择，直接决定你将遭遇的异虫类型。请明智选择。	Die Einheitenauswahl während der Rückblenden legt fest, auf welche Gegner Sie treffen. Überdenken Sie Ihre Wahl.	1
在记忆闪回阶段所做的单位选择，直接决定你将遭遇的异虫类型。请明智选择。	Entscheidungen, die während Novas Rückblenden getroffen wurden, bestimmen, auf welche Art von Zerg Sie im Laufe Ihrer Mission treffen werden. Sie sollten daher gut überlegen.	1
诺娃独自一人深入敌后。如果她死了，一切都完了。	Nova ist ganz allein hinter den gegnerischen Linien. Wenn sie stirbt, ist alles verloren.	1
诺娃独自一人深入敌后。如果她死了，一切都完了。	Nova ist hinter den gegnerischen Linien auf sich allein gestellt. Wenn sie stirbt, ist alles verloren.	1
播放	ABSPIELEN	1
播放	Spielen	1
播放	Abspielen	1
空闲	Verfügbar	1
空闲	Online	1
单位	Einheit	1
单位	Einheiten	2
否	Nein	2
否	NEIN	1
单位科技	Einheitentechnologie	1
单位科技	Technologie	1
潜入点	Infiltrationspunkt	1
潜入点	Zugang	1
成就	Erfolge	1
成就	Erfolg	1
成就	ERFOLGE	1
奖励	Belohnung	1
奖励	Belohnungen	1
关闭(<h/>C)	S<h/>CHLIESSEN	2
关闭(<h/>C)	S<h/>chließen	1
退出(<h/>Q)	<h/>Verlassen	1
退出(<h/>Q)	<h/>VERLASSEN	1
给女妖装备冲击波导弹巢，提升他们的攻击能力，对一条直线上的多个目标造成伤害。	Stattet Banshees mit Schockwellen-Raketenbatterien aus, was es ihnen ermöglicht, mehreren Einheiten entlang einer geraden Linie Schaden zuzufügen.	1
给女妖装备冲击波导弹巢，提升他们的攻击能力，对一条直线上的多个目标造成伤害。	Stattet Banshees mit einer Schockwellen-Raketenbatterie aus, was es ihnen ermöglicht, mehreren Einheiten entlang einer geraden Linie Schaden zuzufügen.	1
部署型炸弹，敌人进入其瞄准射程后可自动追击敌方单位并爆炸，造成大量范围性伤害。	Mobile Sprengkörper, die gegnerische Einheiten in ihrem Zielbereich verfolgen und bei der Detonation schweren Flächenschaden verursachen.	1
部署型炸弹，敌人进入其瞄准射程后可自动追击敌方单位并爆炸，造成大量范围性伤害。	Tragbare Sprengkörper, die gegnerische Einheiten in ihrem Zielbereich verfolgen und bei der Detonation schweren Flächenschaden verursachen.	1
吉娜拉会试图赶在你使用萃取设施之前将它们悉数摧毁。你必须阻止她，否则你将无法采集足够多的地嗪。	Ji'nara wird versuchen die Extraktionsanlagen zu zerstören, bevor sie in Betrieb genommen werden können. Halten Sie sie davon ab, da sonst nicht genug Terrazin gesammelt werden kann.	1
吉娜拉会试图赶在你使用萃取设施之前将它们悉数摧毁。你必须阻止她，否则你将无法采集足够多的地嗪。	Ji'nara wird versuchen, die Extraktionsanlagen zu zerstören, bevor sie in Betrieb genommen werden können. Halten Sie sie davon ab, da sonst nicht genug Terrazin gesammelt werden kann.	1
马拉什引导	Malash Channel	1
马拉什引导	Malash - Kanal	1
暗影飞弹	Shadow Missile	1
暗影飞弹	Schattengeschoss	1
虚空触媒变形至第2阶段	Void Catalyst Morph to Stage 2	1
虚空触媒变形至第2阶段	Leerenkatalysator, zu Phase 2 morphen	1
虚空触媒变形至第3阶段	Void Catalyst Morph to Stage 3	1
虚空触媒变形至第3阶段	Leerenkatalysator, zu Phase 3 morphen	1
湮灭低语	Stimmen des Untergangs	1
湮灭低语	STIMMEN DES UNTERGANGS	1
暗影打击	Schattenangriff	1
暗影打击	Schattenhieb	1
莫比斯维京战机	Viking des Moebius-Corps	1
莫比斯维京战机	Moebius Viking	1
摧毁关押室，救出其中被俘的圣堂武士。	Zerstören Sie die Zelle, um die darin gefangenen Templer zu befreien.	2
摧毁关押室，救出其中被俘的圣堂武士。	Zerstören Sie die Zelle, um die letzten der gefangenen Templer zu befreien.	1
帮助	Hilfe	4
帮助	HILFE	2
任务完成	MISSION ABGESCHLOSSEN	1
任务完成	Quests abgeschlossen	1
退出	Verlassen	3
退出	VERLASSEN	1
退出	Beenden	1
艾尔 光桥 已废弃 – 东北 – 高度10 – 缩回	Aiur Light Bridge Abandoned – NE – Height 10 – Retract	1
艾尔 光桥 已废弃 – 东北 – 高度10 – 缩回	Aiur - Licht, Brücke - Verlassen, NO – Höhe 10, Eingezogen	1
艾尔 光桥 已废弃 – 东北 – 高度10 – 延伸	Aiur Light Bridge Abandoned – NE – Height 10 – Extend	1
艾尔 光桥 已废弃 – 东北 – 高度10 – 延伸	Aiur - Licht, Brücke - Verlassen, NO – Höhe 10, Ausgefahren	1
艾尔 光桥 已废弃 – 东北 – 高度12 – 缩回	Aiur Light Bridge Abandoned – NE – Height 12 - Retract	1
艾尔 光桥 已废弃 – 东北 – 高度12 – 缩回	Aiur - Licht, Brücke - Verlassen, NO – Höhe 12, Eingezogen	1
艾尔 光桥 已废弃 – 东北 – 高度12 – 延伸	Aiur Light Bridge Abandoned – NE – Height 12 - Extend	1
艾尔 光桥 已废弃 – 东北 – 高度12 – 延伸	Aiur - Licht, Brücke - Verlassen, NO – Höhe 12, Ausgefahren	1
艾尔 光桥 已废弃 – 东北 – 高度8 – 缩回	Aiur Light Bridge Abandoned – NE – Height 8 - Retract	1
艾尔 光桥 已废弃 – 东北 – 高度8 – 缩回	Aiur - Licht, Brücke - Verlassen, NO – Höhe 8, Eingezogen	1
艾尔 光桥 已废弃 – 西北 – 高度10 – 缩回	Aiur Light Bridge Abandoned – NW – Height 10 - Retract	1
艾尔 光桥 已废弃 – 西北 – 高度10 – 缩回	Aiur - Licht, Brücke - Verlassen, NW – Höhe 10, Eingezogen	1
艾尔 光桥 已废弃 – 西北 – 高度10 – 延伸	Aiur Light Bridge Abandoned – NW – Height 10 - Extend	1
艾尔 光桥 已废弃 – 西北 – 高度10 – 延伸	Aiur - Licht, Brücke - Verlassen, NW – Höhe 10, Ausgefahren	1
艾尔 光桥 已废弃 – 西北 – 高度12 – 缩回	Aiur Light Bridge Abandoned – NW – Height 12 - Retract	1
艾尔 光桥 已废弃 – 西北 – 高度12 – 缩回	Aiur - Licht, Brücke - Verlassen, NW – Höhe 12, Eingezogen	1
艾尔 光桥 已废弃 – 西北 – 高度12 – 延伸	Aiur Light Bridge Abandoned – NW – Height 12 - Extend	1
艾尔 光桥 已废弃 – 西北 – 高度12 – 延伸	Aiur - Licht, Brücke - Verlassen, NW – Höhe 12, Ausgefahren	1
艾尔 光桥 已废弃 – 西北 – 高度8 – 缩回	Aiur Light Bridge Abandoned – NW – Height 8 – Retract	1
艾尔 光桥 已废弃 – 西北 – 高度8 – 缩回	Aiur - Licht, Brücke - Verlassen, NW – Höhe 8, Eingezogen	1
艾尔 光桥 已废弃 – 西北 – 高度8 – 延伸	Aiur Light Bridge Abandoned – NW – Height 8 – Extend	1
艾尔 光桥 已废弃 – 西北 – 高度8 – 延伸	Aiur - Licht, Brücke - Verlassen, NW – Höhe 8, Ausgefahren	1
隐形无人机	Cloaking Drone	1
隐形无人机	Tarndrohne	1
抓钩	Grapple	1
抓钩	Greifhaken	1
超载	Overcharge	1
超载	Überladen	3
穿透射击	Penetrating Shot	1
穿透射击	Durchbohrender Schuss	1
港口城 桥 单位 东 10 展开	Port City Bridge Unit E10 Out	1
港口城 桥 单位 东 10 展开	Port City - Brücke, Einheit - O10, außen	1
港口城 桥 单位 东 12	Port City Bridge Unit E12	1
港口城 桥 单位 东 12	Port City - Brücke, Einheit - O12	1
港口城 桥 单位 东 12 展开	Port City Bridge Unit E12 Out	1
港口城 桥 单位 东 12 展开	Port City - Brücke, Einheit - O12, außen	1
港口城 桥 单位 东 8	Port City Bridge Unit E8	1
港口城 桥 单位 东 8	Port City - Brücke, Einheit - O8	1
港口城 桥 单位 东 8 展开	Port City Bridge Unit E8 Out	1
港口城 桥 单位 东 8 展开	Port City - Brücke, Einheit - O8, außen	1
港口城 桥 单位 北 10	Port City Bridge Unit N10	1
港口城 桥 单位 北 10	Port City - Brücke, Einheit - N10	1
港口城 桥 单位 北 10 展开	Port City Bridge Unit N10 Out	1
港口城 桥 单位 北 10 展开	Port City - Brücke, Einheit - N10, außen	1
港口城 桥 单位 北 12	Port City Bridge Unit N12	1
港口城 桥 单位 北 12	Port City - Brücke, Einheit - N12	1
港口城 桥 单位 北 12 展开	Port City Bridge Unit N12 Out	1
港口城 桥 单位 北 12 展开	Port City - Brücke, Einheit - N12, außen	1
港口城 桥 单位 北 8	Port City Bridge Unit N8	1
港口城 桥 单位 北 8	Port City - Brücke, Einheit - N8	1
港口城 桥 单位 北 8 展开	Port City Bridge Unit N8 Out	1
港口城 桥 单位 北 8 展开	Port City - Brücke, Einheit - N8, außen	1
港口城 桥 单位 东北 10	Port City Bridge Unit NE10	1
港口城 桥 单位 东北 10	Port City - Brücke, Einheit - NO10	1
港口城 桥 单位 东北 10 展开	Port City Bridge Unit NE10 Out	1
港口城 桥 单位 东北 10 展开	Port City - Brücke, Einheit - NO10, außen	1
港口城 桥 单位 东北 12	Port City Bridge Unit NE12	1
港口城 桥 单位 东北 12	Port City - Brücke, Einheit - NO12	1
港口城 桥 单位 东北 12 展开	Port City Bridge Unit NE12 Out	1
港口城 桥 单位 东北 12 展开	Port City - Brücke, Einheit - NO12, außen	1
港口城 桥 单位 东北 8	Port City Bridge Unit NE8	1
港口城 桥 单位 东北 8	Port City - Brücke, Einheit - NO8	1
港口城 桥 单位 东北 8 展开	Port City Bridge Unit NE8 Out	1
港口城 桥 单位 东北 8 展开	Port City - Brücke, Einheit - NO8, außen	1
港口城 桥 单位 西北 10	Port City Bridge Unit NW10	1
港口城 桥 单位 西北 10	Port City - Brücke, Einheit - NW10	1
港口城 桥 单位 西北 10 展开	Port City Bridge Unit NW10 Out	1
港口城 桥 单位 西北 10 展开	Port City - Brücke, Einheit - NW10, außen	1
港口城 桥 单位 西北 12	Port City Bridge Unit NW12	1
港口城 桥 单位 西北 12	Port City - Brücke, Einheit - NW12	1
港口城 桥 单位 西北 12 展开	Port City Bridge Unit NW12 Out	1
港口城 桥 单位 西北 12 展开	Port City - Brücke, Einheit - NW12, außen	1
港口城 桥 单位 西北 8	Port City Bridge Unit NW8	1
港口城 桥 单位 西北 8	Port City - Brücke, Einheit - NW8	1
港口城 桥 单位 西北 8 展开	Port City Bridge Unit NW8 Out	1
港口城 桥 单位 西北 8 展开	Port City - Brücke, Einheit - NW8, außen	1
港口城 桥 单位 南 10	Port City Bridge Unit S10	1
港口城 桥 单位 南 10	Port City - Brücke, Einheit - S10	1
港口城 桥 单位 南 10 展开	Port City Bridge Unit S10 Out	1
港口城 桥 单位 南 10 展开	Port City - Brücke, Einheit - S10, außen	1
港口城 桥 单位 南 12	Port City Bridge Unit S12	1
港口城 桥 单位 南 12	Port City - Brücke, Einheit - S12	1
港口城 桥 单位 南 12 展开	Port City Bridge Unit S12 Out	1
港口城 桥 单位 南 12 展开	Port City - Brücke, Einheit - S12, außen	1
港口城 桥 单位 南 8	Port City Bridge Unit S8	1
港口城 桥 单位 南 8	Port City - Brücke, Einheit - S8	1
港口城 桥 单位 南 8 展开	Port City Bridge Unit S8 Out	1
港口城 桥 单位 南 8 展开	Port City - Brücke, Einheit - S8, außen	1
港口城 桥 单位 东南 10	Port City Bridge Unit SE10	1
港口城 桥 单位 东南 10	Port City - Brücke, Einheit - SO10	1
港口城 桥 单位 东南 10 展开	Port City Bridge Unit SE10 Out	1
港口城 桥 单位 东南 10 展开	Port City - Brücke, Einheit - SO10, außen	1
港口城 桥 单位 东南 12	Port City Bridge Unit SE12	1
港口城 桥 单位 东南 12	Port City - Brücke, Einheit - SO12	1
港口城 桥 单位 东南 12 展开	Port City Bridge Unit SE12 Out	1
港口城 桥 单位 东南 12 展开	Port City - Brücke, Einheit - SO12, außen	1
港口城 桥 单位 东南 8	Port City Bridge Unit SE8	1
港口城 桥 单位 东南 8	Port City - Brücke, Einheit - SO8	1
港口城 桥 单位 东南 8 展开	Port City Bridge Unit SE8 Out	1
港口城 桥 单位 东南 8 展开	Port City - Brücke, Einheit - SO8, außen	1
港口城 桥 单位 西南 10	Port City Bridge Unit SW10	1
港口城 桥 单位 西南 10	Port City - Brücke, Einheit - SW10	1
港口城 桥 单位 西南 10 展开	Port City Bridge Unit SW10 Out	1
港口城 桥 单位 西南 10 展开	Port City - Brücke, Einheit - SW10, außen	1
港口城 桥 单位 西南 12	Port City Bridge Unit SW12	1
港口城 桥 单位 西南 12	Port City - Brücke, Einheit - SW12	1
港口城 桥 单位 西南 12 展开	Port City Bridge Unit SW12 Out	1
港口城 桥 单位 西南 12 展开	Port City - Brücke, Einheit - SW12, außen	1
港口城 桥 单位 西南 8	Port City Bridge Unit SW8	1
港口城 桥 单位 西南 8	Port City - Brücke, Einheit - SW8	1
港口城 桥 单位 西南 8 展开	Port City Bridge Unit SW8 Out	1
港口城 桥 单位 西南 8 展开	Port City - Brücke, Einheit - SW8, außen	1
港口城 桥 单位 西 10	Port City Bridge Unit W10	1
港口城 桥 单位 西 10	Port City - Brücke, Einheit - W10	1
港口城 桥 单位 西 10 展开	Port City Bridge Unit W10 Out	1
港口城 桥 单位 西 10 展开	Port City - Brücke, Einheit - W10, außen	1
港口城 桥 单位 西 12	Port City Bridge Unit W12	1
港口城 桥 单位 西 12	Port City - Brücke, Einheit - W12	1
港口城 桥 单位 西 12 展开	Port City Bridge Unit W12 Out	1
港口城 桥 单位 西 12 展开	Port City - Brücke, Einheit - W12, außen	1
港口城 桥 单位 西 8	Port City Bridge Unit W8	1
港口城 桥 单位 西 8	Port City - Brücke, Einheit - W8	1
港口城 桥 单位 西 8 展开	Port City Bridge Unit W8 Out	1
港口城 桥 单位 西 8 展开	Port City - Brücke, Einheit - W8, außen	1
脉冲冲击	Pulsar Blast	1
脉冲冲击	Pulsarbeschuss	1
吸取精华	Essence Leech	1
吸取精华	Essenz entziehen	1
Snow Refinery Terran Extending Bridge NEShort8	Snow Refinery Terran Extending Bridge NEShort8	1
Snow Refinery Terran Extending Bridge NEShort8	Schneebedeckte Raffinerie - Terraner, ausfahrbare Brücke - NO, kurz 8	1
Snow Refinery Terran Extending Bridge NEShort8 Out	Snow Refinery Terran Extending Bridge NEShort8 Out	1
Snow Refinery Terran Extending Bridge NEShort8 Out	Schneebedeckte Raffinerie - Terraner, ausfahrbare Brücke - NO, kurz 8 - Ausgefahren	1
Snow Refinery Terran Extending Bridge NWShort8	Snow Refinery Terran Extending Bridge NWShort8	1
Snow Refinery Terran Extending Bridge NWShort8	Schneebedeckte Raffinerie - Terraner, ausfahrbare Brücke - NW, kurz 8	1
Snow Refinery Terran Extending Bridge NWShort8 Out	Snow Refinery Terran Extending Bridge NWShort8 Out	1
Snow Refinery Terran Extending Bridge NWShort8 Out	Schneebedeckte Raffinerie - Terraner, ausfahrbare Brücke - NW, kurz 8 - Ausgefahren	1
塔桑尼斯 门 东	Tarsonis Door E	1
塔桑尼斯 门 东	Tarsonis - Tür, O	1
塔桑尼斯 门 东 已降下	Tarsonis Door E Lowered	1
塔桑尼斯 门 东 已降下	Tarsonis - Tür, O - Gesenkt	1
塔桑尼斯 门 北	Tarsonis Door N	1
塔桑尼斯 门 北	Tarsonis - Tür, N	1
塔桑尼斯 门 东北	Tarsonis Door NE	1
塔桑尼斯 门 东北	Tarsonis - Tür, NO	1
塔桑尼斯 门 东北 已降下	Tarsonis Door NE Lowered	1
塔桑尼斯 门 东北 已降下	Tarsonis - Tür, NO - Gesenkt	1
塔桑尼斯 门 北 已降下	Tarsonis Door N Lowered	1
塔桑尼斯 门 北 已降下	Tarsonis - Tür, N - Gesenkt	1
塔桑尼斯 门 西北	Tarsonis Door NW	1
塔桑尼斯 门 西北	Tarsonis - Tür, NW	1
塔桑尼斯 门 西北 已降下	Tarsonis Door NW Lowered	1
塔桑尼斯 门 西北 已降下	Tarsonis - Tür, NW - Gesenkt	1
不朽者复活	Unsterblichen wiederbeleben	1
不朽者复活	Wiederbelebung für Unsterbliche	1
幻像与本体单位的功能相似，但无法使用主动技能或造成伤害，并且更容易死亡。幻像在持续<d time="60"/>后消失。	Diese Halluzination ist eine Kopie und funktioniert wie die ursprüngliche Einheit, kann jedoch keine Fähigkeiten einsetzen, verursacht keinen Schaden und stirbt leichter. Halluzinationen haben eine Lebensdauer von <d time="60"/>	6
幻像与本体单位的功能相似，但无法使用主动技能或造成伤害，并且更容易死亡。幻像在持续<d time="60"/>后消失。	Diese Halluzinationen sind Kopien und funktionieren wie die ursprüngliche Einheit, können jedoch keine Fähigkeiten einsetzen, verursachen keinen Schaden und sterben leichter. Halluzinationen haben eine Lebensdauer von <d time="60"/>	4
中子照明弹	Neutron Flare	1
中子照明弹	Neutronenblitz	1
默认	Standardeinstellung	1
默认	Standard	4
常规	Allgemein	1
常规	Normal	3
艾尔 神庙 桥	Aiur - Tempelbrücke	6
艾尔 神庙 桥	Auir - Tempelbrücke	6
蔽目毒云	Blinding Cloud	1
蔽目毒云	Schleier	3
桥梁伸展	Bridge Extend	1
桥梁伸展	Brücke ausfahren	1
桥梁缩回	Bridge Retract	1
桥梁缩回	Brücke einziehen	1
建筑护盾	Building Shield	1
建筑护盾	Gebäudeschild	3
潜地冲锋 返回 D	Burrow Charge Rev D	1
潜地冲锋 返回 D	Untertunneln - Rev D	1
单位隐形	Cloak Unit	1
单位隐形	Einheit tarnen	2
小生物逃跑	Critter Flee	1
小生物逃跑	Critter - Fliehen	2
菌毯喷溅	Spray Creep	1
菌毯喷溅	Kriecher spucken	1
延伸桥梁 - 东北 - 高度 10 - 宽 - 缩回	ExtendingBridge - NE - Height 10 - Wide - Retract	1
延伸桥梁 - 东北 - 高度 10 - 宽 - 缩回	Ausfahrbare Brücke - NO - Höhe 10 - breit - eingezogen	1
延伸桥梁 - 东北 - 高度 10 - 宽 - 伸展	ExtendingBridge - NE - Height 10 - Wide - Extend	1
延伸桥梁 - 东北 - 高度 10 - 宽 - 伸展	Ausfahrbare Brücke - NO - Höhe 10 - breit - ausgefahren	1
延伸桥梁 - 东北 - 高度 12 - 宽 - 缩回	ExtendingBridge - NE - Height 12 - Wide - Retract	1
延伸桥梁 - 东北 - 高度 12 - 宽 - 缩回	Ausfahrbare Brücke - NO - Höhe 12 - breit - eingezogen	1
延伸桥梁 - 东北 - 高度 12 - 宽 - 伸展	ExtendingBridge - NE - Height 12 - Wide - Extend	1
延伸桥梁 - 东北 - 高度 12 - 宽 - 伸展	Ausfahrbare Brücke - NO - Höhe 12 - breit - ausgefahren	1
延伸桥梁 - 东北 - 高度 8 - 宽 - 缩回	ExtendingBridge - NE - Height 8 - Wide - Retract	1
延伸桥梁 - 东北 - 高度 8 - 宽 - 缩回	Ausfahrbare Brücke - NO - Höhe 8 - breit - eingezogen	1
延伸桥梁 - 东北 - 高度 8 - 宽 - 伸展	ExtendingBridge - NE - Height 8 - Wide - Extend	1
延伸桥梁 - 东北 - 高度 8 - 宽 - 伸展	Ausfahrbare Brücke - NO - Höhe 8 - breit - ausgefahren	1
延伸桥梁 - 西北 - 高度 10 - 宽 - 缩回	ExtendingBridge - NW - Height 10 - Wide - Retract	1
延伸桥梁 - 西北 - 高度 10 - 宽 - 缩回	Ausfahrbare Brücke - NW - Höhe 10 - breit - eingezogen	1
延伸桥梁 - 西北 - 高度 10 - 宽 - 伸展	ExtendingBridge - NW - Height 10 - Wide - Extend	1
延伸桥梁 - 西北 - 高度 10 - 宽 - 伸展	Ausfahrbare Brücke - NW - Höhe 10 - breit - ausgefahren	1
延伸桥梁 - 西北 - 高度 12 - 宽 - 缩回	ExtendingBridge - NW - Height 12 - Wide - Retract	1
延伸桥梁 - 西北 - 高度 12 - 宽 - 缩回	Ausfahrbare Brücke - NW - Höhe 12 - breit - eingezogen	1
延伸桥梁 - 西北 - 高度 12 - 宽 - 伸展	ExtendingBridge - NW - Height 12 - Wide - Extend	1
延伸桥梁 - 西北 - 高度 12 - 宽 - 伸展	Ausfahrbare Brücke - NW - Höhe 12 - breit - ausgefahren	1
延伸桥梁 - 西北 - 高度 8 - 宽 - 缩回	ExtendingBridge - NW - Height 8 - Wide - Retract	1
延伸桥梁 - 西北 - 高度 8 - 宽 - 缩回	Ausfahrbare Brücke - NW - Höhe 8 - breit - eingezogen	1
延伸桥梁 - 西北 - 高度 8 - 宽 - 伸展	ExtendingBridge - NW - Height 8 - Wide - Extend	1
延伸桥梁 - 西北 - 高度 8 - 宽 - 伸展	Ausfahrbare Brücke - NW - Höhe 8 - breit - ausgefahren	1
视觉跟踪	Eye Stalk	1
视觉跟踪	Parasitäres Auge	2
航空护盾	Flyer Shield	1
航空护盾	Fliegerschild	2
虫群之心保护者直线溅射	HotS Preserver Line Splash	1
虫群之心保护者直线溅射	HotS - Bewahrerlinie, Flächeneffekt	1
吸血虫 资源	Leech Resources	1
吸血虫 资源	Ressourcen abzapfen	1
巨型击飞	Massive Knockover	1
巨型击飞	Massives Umstoßen	1
最大推力	Maxium Thrust	1
最大推力	Maximaler Schub	2
母舰核心净化星灵枢纽	Mothership Core Purify Nexus	1
母舰核心净化星灵枢纽	Mutterschiffkern - Nexus läutern	1
传送	Teleport	1
传送	Teleportieren	1
母舰核心 武器	Mothership Core Weapon	1
母舰核心 武器	Mutterschiffkern - Waffe	1
隐形迷彩	Personal Cloaking	1
隐形迷彩	Einzeltarnung	1
拾取瓦斯储罐	Pickup Pallet Gas	1
拾取瓦斯储罐	Gaspalette aufsammeln	1
拾取晶体矿箱	Pickup Pallet Minerals	1
拾取晶体矿箱	Mineralienpalette aufsammeln	1
拾取大型碎片	Pickup Scrap Large	1
拾取大型碎片	Großen Schrott aufsammeln	1
拾取中型碎片	Pickup Scrap Medium	1
拾取中型碎片	Mittelgroßen Schrott aufsammeln	1
拾取小型碎片	Pickup Scrap Small	1
拾取小型碎片	Kleinen Schrott aufsammeln	1
水晶塔能量	Pylon Power	1
水晶塔能量	Pylonenenergie	1
虫后飞行	Queen Fly	1
虫后飞行	Königin - Fliegend	1
虫后飞行	Königin - Fliegen	1
虫后着陆	Queen Land	1
虫后着陆	Königin - Landen	1
晶体矿护盾	Mineral Shield	1
晶体矿护盾	Mineralienschild	5
隔绝罩	Entomb	1
隔绝罩	Versiegeln	1
恢复护盾	Restore Shields	1
恢复护盾	Schilde wiederherstellen	3
肢解爆虫	Salvage Baneling	1
肢解爆虫	Berstling wiederverwerten	1
肢解工蜂	Salvage Drone	1
肢解工蜂	Drohne wiederverwerten	1
肢解刺蛇	Salvage Hydralisk	1
肢解刺蛇	Hydralisk wiederverwerten	1
肢解感染者	Salvage Infestor	1
肢解感染者	Verseucher wiederverwerten	1
肢解虫后	Salvage Queen	1
肢解虫后	Königin wiederverwerten	1
肢解蟑螂	Salvage Roach	1
肢解蟑螂	Schabe wiederverwerten	1
肢解虫群宿主	Salvage Swarm Host	1
肢解虫群宿主	Schwarmwirt wiederverwerten	1
肢解雷兽	Salvage Ultralisk	1
肢解雷兽	Ultralisk wiederverwerten	1
肢解跳虫	Salvage Zergling	1
肢解跳虫	Zergling wiederverwerten	1
预言	Preordain	1
预言	Vorahnung	3
狙杀DoT	Snipe DoT	1
狙杀DoT	Scharfschütze - Schaden über Zeit	1
孵化虫群幼虫	Spawn Swarm Larva	1
孵化虫群幼虫	Schwarmlarve erschaffen	1
幽魂护盾	Spectre Shield	1
幽魂护盾	Phantom-Schild	2
测试异虫	Test Zerg	1
测试异虫	Test-Zerg	1
龙卷风导弹	Tornado Missile	1
龙卷风导弹	Tornadorakete	1
飞蛇吞噬建筑	Viper Consume Structure	1
飞蛇吞噬建筑	Viper - Gebäude fressen	1
烈性爆弹建筑	Volatile Burst Building	1
烈性爆弹建筑	Explosives Aufplatzen gegen Gebäude	1
萨尔纳加圣殿	Xel Naga Healing Shrine	1
萨尔纳加圣殿	Heilender Xel'Naga-Schrein	1
萨尔纳加圣殿	Heilschrein der Xel'Naga	1
Xel'Naga Caverns Door Default Close	Xel'Naga Caverns Door Default Close	1
Xel'Naga Caverns Door Default Close	Xel'Naga-Höhlen - Tor, Standard - Geschlossen	1
Xel'Naga Caverns Door Default Open	Xel'Naga Caverns Door Default Open	1
Xel'Naga Caverns Door Default Open	Xel'Naga-Höhlen - Tor, Standard - Geöffnet	1
Xel'Naga Caverns Door E	Xel'Naga Caverns Door E	1
Xel'Naga Caverns Door E	Xel'Naga-Höhle - Tor Osten	1
Xel'Naga Caverns Door E Opened	Xel'Naga Caverns Door E Opened	1
Xel'Naga Caverns Door E Opened	Xel'Naga-Höhlen - Tor Ost, Geöffnet	1
Xel'Naga Caverns Door N	Xel'Naga Caverns Door N	1
Xel'Naga Caverns Door N	Xel'Naga-Höhlen - Tor Nord	1
Xel'Naga Caverns Door NE	Xel'Naga Caverns Door NE	1
Xel'Naga Caverns Door NE	Xel'Naga-Höhlen - Tor Nordost	1
Xel'Naga Caverns Door NE Opened	Xel'Naga Caverns Door NE Opened	1
Xel'Naga Caverns Door NE Opened	Xel'Naga-Höhlen - Tor Nordost, Geöffnet	1
Xel'Naga Caverns Door N Opened	Xel'Naga Caverns Door N Opened	1
Xel'Naga Caverns Door N Opened	Xel'Naga-Höhlen - Tor Nord, Geöffnet	1
Xel'Naga Caverns Door NW	Xel'Naga Caverns Door NW	1
Xel'Naga Caverns Door NW	Xel'Naga-Höhlen - Tor Nordwest	1
Xel'Naga Caverns Door NW Opened	Xel'Naga Caverns Door NW Opened	1
Xel'Naga Caverns Door NW Opened	Xel'Naga-Höhlen - Tor Nordwest, Geöffnet	1
Xel'Naga Caverns Door S	Xel'Naga Caverns Door S	1
Xel'Naga Caverns Door S	Xel'Naga-Höhlen - Tor Süd	1
Xel'Naga Caverns Door SE	Xel'Naga Caverns Door SE	1
Xel'Naga Caverns Door SE	Xel'Naga-Höhlen - Tor Südost	1
Xel'Naga Caverns Door SE Opened	Xel'Naga Caverns Door SE Opened	1
Xel'Naga Caverns Door SE Opened	Xel'Naga-Höhlen - Tor Südost, Geöffnet	1
Xel'Naga Caverns Door S Opened	Xel'Naga Caverns Door S Opened	1
Xel'Naga Caverns Door S Opened	Xel'Naga-Höhlen - Tor Süd, Geöffnet	1
Xel'Naga Caverns Door SW	Xel'Naga Caverns Door SW	1
Xel'Naga Caverns Door SW	Xel'Naga-Höhlen - Tor Südwest	1
Xel'Naga Caverns Door SW Opened	Xel'Naga Caverns Door SW Opened	1
Xel'Naga Caverns Door SW Opened	Xel'Naga-Höhlen - Tor Südwest, Geöffnet	1
Xel'Naga Caverns Door W	Xel'Naga Caverns Door W	1
Xel'Naga Caverns Door W	Xel'Naga-Höhlen - Tor West	1
Xel'Naga Caverns Door W Opened	Xel'Naga Caverns Door W Opened	1
Xel'Naga Caverns Door W Opened	Xel'Naga-Höhlen - Tor West, Geöffnet	1
绑架	Abduct	5
绑架	Verschleppen	2
停止	stop	1
停止	Stopp	2
停止	STOPP	1
延伸桥梁 向东北伸展桥梁 宽度10 结束	Brücke ausfahren - Brücke ausfahren, NO - Breit 10, außen	1
延伸桥梁 向东北伸展桥梁 宽度10 结束	Brücke ausfahren - Brücke ausfahren, NW - Breit 10, außen	1
延伸桥梁 向东北伸展桥梁 宽度12 结束	Brücke ausfahren - Brücke ausfahren, NO - Breit 12, außen	1
延伸桥梁 向东北伸展桥梁 宽度12 结束	Brücke ausfahren - Brücke ausfahren, NW - Breit 12, außen	1
延伸桥梁 向东北伸展桥梁 宽度8 结束	Brücke ausfahren - Brücke ausfahren, NO - Breit 8, außen	1
延伸桥梁 向东北伸展桥梁 宽度8 结束	Brücke ausfahren - Brücke ausfahren, NW - Breit 8, außen	1
隐藏	Ausgeblendet	3
隐藏	Ausblenden	2
奥丁矩阵 虚拟	Odinmatrix - Dummy	1
奥丁矩阵 虚拟	Odin-Matrix	1
机甲模式	Assault Mode	1
机甲模式	Sturmmodus	1
资源掠夺者	Ressourcen angreifen	1
资源掠夺者	Ressourcenplünderer	1
遭到摧毁后将阻挡通道或资源点的人类塔。	Ein Felshaufen, der zerstört werden kann, um Zugriff auf neue Gebiete oder Ressourcenvorkommen zu verhindern.	1
遭到摧毁后将阻挡通道或资源点的人类塔。	Ein Turm, der zerstört werden kann, um Zugriff auf neue Gebiete oder Ressourcenvorkommen zu verhindern.	2
信徒	Neuling	1
信徒	Jünger	1
残骸	Trümmer	3
残骸	Wrack	1
电脑	K.I.	1
电脑	Computer	1
250毫米口径歼敌炮	250mm Strike Cannons	1
250毫米口径歼敌炮	250mm-Donnerkanonen	3
执政官融合	Archon Merge	1
执政官融合	Archon-Verschmelzung	2
污染	Contaminate	2
污染	Kontamination	1
力场	Force Field	2
力场	Kraftfeld	2
引力光束	Graviton Beam	1
引力光束	Gravitonstrahl	2
守护者之盾	Guardian Shield	4
守护者之盾	Wächterschild	2
能量吸噬	Leech	7
能量吸噬	Absaugen	3
制造	Build	1
制造	Train	1
瓦解建筑	Sap Structure	1
瓦解建筑	Gebäude angreifen	1
析象扫描	Scanner Sweep	2
析象扫描	Scannersuche	1
生命虹吸	Siphon Life	1
生命虹吸	Entzug	1
孵化拟态雏虫	Spawn Changeling	1
孵化拟态雏虫	Formling erschaffen	1
降下	Lower	1
降下	Senken	1
升起	Raise	1
升起	Heben	1
时空碎裂	Temporal Rift	1
时空碎裂	Temporaler Riss	2
虫洞传送	Wormhole Transit	1
虫洞传送	Wurmloch	1
移动	move	1
移动	Bewegen	3
游戏大厅	Arcade	2
游戏大厅	ARCADE	1
教程一	Guide Eins	1
教程一	GUIDE EINS	1
教程二	Guide Drei	1
教程二	GUIDE ZWEI	1
教程三	Guide Zwei	1
教程三	GUIDE DREI	1
实力功勋	Heldentaten	1
实力功勋	HELDENTATEN	1
竞技	Wettkampf	1
竞技	WETTKAMPF	1
对战	Nahkampf	1
对战	Standard	1
对战	VERSUS	1
自定义游戏	Eigenes Spiel	3
自定义游戏	Eigene Spiele	1
《自由之翼》战役	KAMPAGNE VON WINGS OF LIBERTY	1
《自由之翼》战役	LIBERTY-KAMPAGNE	1
派遣侦察单位。	Entsende einen Aufklärer.	1
派遣侦察单位。	Entsende Aufklärer.	1
变异完成	Umwandlung abgeschlossen.	2
变异完成	Metamorphose abgeschlossen.	1
该单位的移动速度降低<d ref="1-Behavior,InhibitorZoneTemporalField,Modification.MoveSpeedMultiplier*100"/>%。	Die Bewegungsgeschwindigkeit dieser Einheit ist um <d ref="1-Behavior,InhibitorZoneTemporalField,Modification.MoveSpeedMultiplier*100"/>% reduziert.	1
该单位的移动速度降低<d ref="1-Behavior,InhibitorZoneTemporalField,Modification.MoveSpeedMultiplier*100"/>%。	Verringert die Bewegungsgeschwindigkeit dieser Einheit um <d ref="1-Behavior,InhibitorZoneTemporalField,Modification.MoveSpeedMultiplier*100"/>%.	1
隐秘行动	Geheimagentin	4
隐秘行动	GEHEIMOPERATIONEN	1
标准	Standard	2
标准	STANDARD	1
虚空先驱	Bote der Leere	1
虚空先驱	Speerspitze	1
拟态	Anpassen	1
拟态	Disguise	3
幻像	Halluzination	2
幻像	Halluzinationen	1
暂停	Halt	1
暂停	Pau	1
暂停	Pausiert	1
暂停	Pause	2
定点防御激光	Verteidigungslaser	2
定点防御激光	Point Defense Laser	6
建造建筑	Gebäude bauen	1
建造建筑	Gebaute Gebäude	2
羊	Schafe	1
羊	Sheep	1
羊	Schaf	2
高	Hoch	5
高	Height	1
重试	Abspielen	1
重试	ERNEUT VERSUCHEN	1
吉姆？	Jim ...	1
吉姆？	Jim?	1
是	Ja	2
是	JA	1
颜色	Farben	1
颜色	Farbe	1
事件	Ereignisse	1
事件	Events	2
聊天	Chat	2
聊天	Chat öffnen	1
快捷键	Hotkey	1
快捷键	HOTKEYS	1
快捷键	Hotkeys	2
巢虫护卫	Broodling Escort	1
巢虫护卫	Brütlingeskorte	1
拦截机射线	Interceptor Beam	1
拦截机射线	Interceptor-Strahl	1
离子炮	Ion Cannons	3
离子炮	Ionenkanonen	2
粒子光束	Particle Beam	1
粒子光束	Partikelstrahl	1
合作任务中等难度50	Co-op-Kommandant - Schwie­rig­keits­grad "Schwer" 50	1
合作任务中等难度50	Co-op-Kommandant - Schwie­rig­keits­grad "Normal" 50	1
合作任务中等难度500	Co-op-Kommandant - Schwie­rig­keits­grad "Schwer" 500	1
合作任务中等难度500	Co-op-Kommandant - Schwie­rig­keits­grad "Normal" 500	1
合作任务中等难度75	Co-op-Kommandant - Schwie­rig­keits­grad "Schwer" 75	1
合作任务中等难度75	Co-op-Kommandant - Schwie­rig­keits­grad "Normal" 75	1
爆笑星灵	Carbot: Protoss	3
爆笑星灵	Carbot-Protoss	3
钱袋	Sack Geld	1
钱袋	Geldsack	1
爆笑人类	Carbot: Terraner	3
爆笑人类	Carbot-Terraner	3
爆笑异虫	Carbot: Zerg	3
爆笑异虫	Carbot-Zerg	3
食腐鸟	Urubu	2
食腐鸟	Aasvogel	1
虚空之遗	Legacy of the Void	2
虚空之遗	LEGACY OF THE VOID	1
净化者狂热者	Vollstrecker	1
净化者狂热者	Berserker der Richter	1
Nation Wars巴西	Nation Wars V - Brasilien	1
Nation Wars巴西	Nation Wars - Brasilien	1
Nation Wars加拿大	Nation Wars V - Kanada	1
Nation Wars加拿大	Nation Wars - Kanada	1
Nation Wars中国	Nation Wars V - China	1
Nation Wars中国	Nation Wars - China	1
Nation Wars中国台北	Nation Wars V - Chinese Taipei	1
Nation Wars中国台北	Nation Wars - Chinese Taipei	1
Nation Wars克罗地亚	Nation Wars V - Kroatien	1
Nation Wars克罗地亚	Nation Wars - Kroatien	1
Nation Wars芬兰	Nation Wars V - Finnland	1
Nation Wars芬兰	Nation Wars - Finnland	1
Nation Wars法国	Nation Wars V - Frankreich	1
Nation Wars法国	Nation Wars - Frankreich	1
Nation Wars德国	Nation Wars V - Deutschland	1
Nation Wars德国	Nation Wars - Deutschland	1
Nation Wars意大利	Nation Wars V - Italien	1
Nation Wars意大利	Nation Wars - Italien	1
Nation Wars墨西哥	Nation Wars V - Mexiko	1
Nation Wars墨西哥	Nation Wars - Mexiko	1
Nation Wars荷兰	Nation Wars - Niederlande	1
Nation Wars荷兰	Nation Wars V - Niederlande	1
Nation Wars波兰	Nation Wars - Polen	1
Nation Wars波兰	Nation Wars V - Polen	1
Nation Wars俄罗斯	Nation Wars - Russland	1
Nation Wars俄罗斯	Nation Wars V - Russland	1
Nation Wars韩国	Nation Wars - Südkorea	1
Nation Wars韩国	Nation Wars V - Südkorea	1
Nation Wars乌克兰	Nation Wars - Ukraine	1
Nation Wars乌克兰	Nation Wars V - Ukraine	1
Nation Wars美国	Nation Wars - Vereinigte Staaten	1
Nation Wars美国	Nation Wars V - Vereinigte Staaten	1
经典刺蛇	Klassischer Hydralisk	2
经典刺蛇	Klassische Hydralisken	1
原始虫后	Urkönigin der Klingen	1
原始虫后	Urkönigin	1
神器	ARTEFAKTE	1
神器	Artefakte	2
部队规模	Armeegröße	1
部队规模	ARMEEGRÖSSE	1
建造顺序	Baureihenfolge	1
建造顺序	BAUREIHENFOLGE	1
图表	Graphen	1
图表	GRAPHEN	1
资源	Resources	1
资源	Ressourcen	1
资源采集	RESSOURCENABBAU	1
资源采集	Ressourcenabbau	1
消灭的人口	Bereitgestellte Versorgung getötet	1
消灭的人口	Genutzte Versorgung getötet	1
损失的人口	Bereitgestellte Versorgung verloren	1
损失的人口	Genutzte Versorgung verloren	1
已送出的晶体矿	Durch Handel gelieferte Mineralien	1
已送出的晶体矿	Mineralien getauscht (geliefert)	1
高能瓦斯平均储量	Gelagerte Mineralien im Durchschnitt	1
高能瓦斯平均储量	Gelagertes Vespin im Durchschnitt	1
单位生产用资源	Gesamtwert der Armee	1
单位生产用资源	Wert der Armee	1
消灭敌方单位	Gegnerische Einheiten vernichtet	1
消灭敌方单位	Vernichtete Einheiten	1
已送出的高能瓦斯	Vespin gehandelt (geliefert)	1
已送出的高能瓦斯	Vespin getauscht (geliefert)	1
基础虫道网络	Standard-Nyduskanal	1
基础虫道网络	Standard-Nydusnetzwerk	1
《星际争霸II》	StarCraft II	5
《星际争霸II》	STARCRAFT II	1
机械化部队(经济)	Warptore und Unsterbliche (Wirtschaft)	1
机械化部队(经济)	Mechanische Einheiten (Wirtschaft)	1
高产瓦斯气泉	Ergiebige Vespingeysire	1
高产瓦斯气泉	Reicher Vespingeysir	1
瓦斯气泉	Vespingeysire	1
瓦斯气泉	Vespingeysir	1
萨尔纳加瞭望塔	Xel'Naga-Feldwarten	1
萨尔纳加瞭望塔	Xel'Naga-Turm	1
AI清除所有	K.I. - Alle entfernen	1
AI清除所有	K.I. - Alle löschen	1
足球	Football	2
足球	Fußball	1
中国	China	2
中国	CHINA	1
欧洲	Europa	3
欧洲	EUROPE	1
东南亚	Südostasien	1
东南亚	SOUTHEAST ASIA	1
嘲讽	Taunt	1
嘲讽	Verspotten	1
挑战任务	Szenarien	1
挑战任务	SZENARIO	1
挑战任务	Herausforderungen	1
挑战任务	Szenariospiel	1
挑战任务	Szenario	2
挑战任务	SZENARIEN	1
探索	Erkundung	1
探索	ERKUNDUNG	1
快速比赛	Schnellsuche	4
快速比赛	SCHNELLSUCHE	1
战役	KAMPAGNE	3
战役	Kampagne	6
战役	Kampagnen	1
未知	Unknown	1
未知	Unbekannt	6
动画	Animation	3
动画	Videosequenz	1
动画	VIDEOSEQUENZ	1
文件	Datei	2
文件	File	1
属性	Eigenschaft	2
属性	Besitz	1
音效	Sound	2
音效	SOUND	2
音效	Soundeffekte	1
类型	Typ	2
类型	Type	1
时间	Zeit	3
时间	Time	1
时间	Alter	1
单位链接	Einheitenverknüpfung	1
单位链接	Einheitenverbindung	1
值	Wert	2
值	Value	2
变量	Variante	1
变量	Variable	2
变量	Variables	1
盟友	Verbündeter	1
盟友	Verbündete	2
开启	Ein	4
开启	On	1
极难	Sehr schwer	2
极难	Extrem	1
正在搜寻%queueName%	SUCHE %queueName%	1
正在搜寻%queueName%	%queueName%-Spiel wird gesucht	1
录像	Replay	2
录像	Wiederholen	1
录像	Replays	1
用户界面	UI	1
用户界面	Benutzeroberfläche	1
回格键	Rückschritttaste	1
回格键	Rck	1
浏览器后退	Browser-Zurück	1
浏览器后退	Zrk	1
浏览器前进	Browser-Vorwärts	1
浏览器前进	Vor	1
大写锁定	Feststelltaste	1
大写锁定	CL	1
清空	Löschen	2
清空	Clear	1
删除键	Entfernen	1
删除键	Entf	1
方向键下	Pfeil-nach-unten-Taste	1
方向键下	Utn	1
起始键	Pos1	1
起始键	Pos	1
插入键	Einfügen	1
插入键	Einfg	1
方向键左	Pfeil-nach-links-Taste	1
方向键左	Lks	1
媒体键音量提高	Media-Kanaltiefer	1
媒体键音量提高	MR	1
媒体键音量降低	MH	1
媒体键音量降低	Media-Kanalhöher	1
媒体键快放	Media-Vorspulen	1
媒体键快放	MV	1
媒体键下一曲	Media-Nächster Titel	1
媒体键下一曲	MNä	1
媒体键暂停	Media-Pause	1
媒体键暂停	MPa	1
媒体键播放	Media-Play	1
媒体键播放	MPl	1
媒体键暂停播放	Media-Play/Pause	1
媒体键暂停播放	MPP	1
媒体键上一曲	Media-Vorheriger Titel	1
媒体键上一曲	MZk	1
媒体键倒回	Media-Zurückspulen	1
媒体键倒回	MRk	1
媒体键停止	Media-Stop	1
媒体键停止	MSt	1
下页键	Bild-nach-unten-Taste	1
下页键	Bd↓	1
上页键	Bild-nach-oben-Taste	1
上页键	Bd↑	1
截屏键	Druck	1
截屏键	Drk	1
方向键右	Pfeil-nach-rechts-Taste	1
方向键右	Rts	1
滚动锁定键	Rollen	1
滚动锁定键	Rol	1
空格键	Leertaste	1
空格键	Leer	1
，	,<sp/>	2
，	,	2
已勾选	Checked	1
已勾选	Überprüft	1
间隔呼叫	Interal Call	1
间隔呼叫	Internal Calls	1
线程	Thread	1
线程	Threads	1
触发器	Trigger	1
触发器	Triggers	1
正在等待	Waiting For	1
正在等待	Warte	1
全局	Global	3
全局	Globals	2
本地	Locals	2
本地	Lokal	1
专化	Specialize	1
专化	Spezialisierung	1
1分钟	1 minute	1
1分钟	1 Min.	1
矿物	Minerals	1
矿物	Mineralien	1
活动	Activity	1
活动	Aktiv	1
活动	EVENTS	2
能量	Energy	1
能量	Energie	1
消灭	Kills	2
消灭	Vernichtet	2
生命值	Life	1
生命值	Vitality	1
生命值	Trefferpunkte	2
最大生命值	Life Max	1
最大生命值	Vitality Max	1
生命值%	Life %	1
生命值%	Vitality %	1
未知玩家	Unknown Player	1
未知玩家	Unbekannter Spieler	1
技能：	Fähigkeiten	1
技能：	Fähigkeiten:<sp/>	1
接受	Akzeptieren	1
接受	AKZEPTIEREN	1
接受	OK	1
添加好友	Freund hinzufügen	3
添加好友	FREUND HINZUFÜGEN	1
添加好友	#¿NOMBRE?	1
护甲：	Panzerung:	1
护甲：	Panzerung:<sp/>	1
战队	Clan	2
战队	Clans	2
房间	Lobby	1
房间	Lobbys	1
队伍	Gruppe	3
队伍	Teams	1
队伍	Team	1
添加电脑	K.I. hinzufügen	1
添加电脑	Computer hinzufügen	1
添加电脑	Mit K.I. auffüllen	1
邀请	Einladen	3
邀请	EINLADEN	1
只有房主才能开始游戏	Nur der Host kann das Spiel starten.	1
只有房主才能开始游戏	Nur der Host kann ein Spiel starten.	1
电脑（%difficulty%）	K.I. (%difficulty%)	1
电脑（%difficulty%）	Computer (%difficulty%)	1
敌方队伍	Gegnerisches Team	2
敌方队伍	Das gegnerische Team	1
暴雪游戏	Blizzard	1
暴雪游戏	BLIZZARD	1
合作任务	Co-op-Missionen	2
合作任务	CO-OP	1
其他%c%名玩家	%c% weitere Spieler	2
其他%c%名玩家	%c% weiteren Spielern	1
另一名玩家	1 weiterer Spieler	2
另一名玩家	1 weiteren Spieler	1
设置好友备注	Freundesnotiz anlegen	1
设置好友备注	NOTIZ SPEICHERN	1
移除好友	Freund entfernen	1
移除好友	FREUND ENTFERNEN	1
举报玩家	Spieler melden	1
举报玩家	SPIELER MELDEN	1
请求加入队伍	Gruppenbeitrittsanfrage	1
请求加入队伍	Beitreten	1
解除屏蔽	Blockierung aufheben	1
解除屏蔽	Zulassen	1
密语	Flüstern	1
密语	Flüsternachrichten	1
Voice Over Designer	Voice Over Designer	2
Voice Over Designer	Voice Over Desginer	1
特别感谢	SPECIAL THANKS	3
特别感谢	SPECIAL THANKS TO	1
继续	FORTFAHREN	1
继续	Fortfahren	1
继续	(fortges.)	1
教学模式	TUTORIALS	1
教学模式	Tutorials	3
教学模式	Tutorial	1
取消(<h/>C)	A<h/>BBRECHEN	1
取消(<h/>C)	A<h/>bbrechen	2
创建	Erstellen	1
创建	ERSTELLEN	2
讨论组	Gruppierungen	2
讨论组	Gruppierung	1
保存	SPEICHERN	2
保存	Speichern	2
用户及技术服务经理	ACCOUNT AND TECHICAL SERVICES MANAGERS	1
用户及技术服务经理	ACCOUNT AND TECHNICAL SERVICES MANAGER	1
其他音乐制作人员	ADDITIONAL MUSIC BY	1
其他音乐制作人员	ADDITIONAL MUSIC	1
行政助理	ADMINISTRATIVE ASSISTANT	2
行政助理	ADMINISTRATIVE ASSISTANTS	1
分析师	ANALYSTS	1
分析师	ANALYST	1
美术	ART	1
美术	ARTIST	1
设计师	ARTISTS	1
设计师	DESIGNERS	2
首席设计师	ART LEADS	1
首席设计师	LEAD ARTIST	1
首席设计师	LEAD DESIGNER	1
首席设计师	LEAD DESIGNERS	1
助理经理	ASSISTANT MANAGER	2
助理经理	ASSISTANT MANAGERS	2
助理制作人	ASSOCIATE PRODUCER	1
助理制作人	ASSOCIATE PRODUCERS	1
Anna Vocino	Sandra Lühr	1
Anna Vocino	Stefanie Otten	1
Dan Gilvezan	Christian Jungwirth	1
Dan Gilvezan	Karl-Heinz Dickmann	1
指挥	CHOIRMASTER	2
指挥	CONDUCTED BY	1
合唱表演	CHORAL PERFORMANCE BY	1
合唱表演	CHORAL PERFORMANCE	1
单簧管	CLARINET	1
单簧管	CLARINETS	1
客户支持组经理	CUSTOMER SUPPORT GROUP MANAGERS	2
客户支持组经理	CUSTOMER SUPPORT GROUP MANAGER	1
Blair Bess	Mario Hassert	2
Blair Bess	Bodo Henkel	1
部门主管	DEPARTMENT LEADS	1
部门主管	DEPARTMENT SUPERVISORS	2
总监	DIRECTOR	2
总监	DIRECTORS	1
编辑	EDITOR	2
编辑	EDITORS	2
编辑	Editieren	1
工程师	ENGINEER	1
工程师	ENGINEERS	1
执行助理	EXECUTIVE ASSISTANTS	2
执行助理	EXECUTIVE ASSISTANT	1
Jonathan Cook	Peter Wenke	1
Jonathan Cook	Karl-Heinz Dickmann	1
Paul Eiding	Michael Betz	2
Paul Eiding	Bert Franzke	1
Gary Anthony Williams	Karl Jürgen Sihler	2
Gary Anthony Williams	Richard van Weyden	1
内部事务代表	INTERNAL AFFAIRS REPRESENTATIVES	2
内部事务代表	INTERNAL AFFAIRS REPRESENTATIVE	1
首席制作人	LEAD PRODUCER	2
首席制作人	LEAD PRODUCERS	2
首席程序员	LEAD PROGRAMMER	2
首席程序员	LEAD PROGRAMMERS	2
首席网页设计师	LEAD WEB DESIGNER	1
首席网页设计师	LEAD WEB DESIGNERS	1
首席文档工程师	LEAD WRITERS	1
首席文档工程师	LEAD WRITER	1
培训与拓展专员	LEARNING AND DEVELOPMENT SPECIALIST	2
培训与拓展专员	LEARNING AND DEVELOPMENT SPECIALISTS	2
经理	MANAGER	1
经理	MANAGERS	2
音乐	MUSIC	2
音乐	Musik	2
双簧管	OBOE	1
双簧管	OBOES	1
暴雪娱乐总裁兼首席执行官	PRESIDENT & CEO OF BLIZZARD ENTERTAINMENT	1
暴雪娱乐总裁兼首席执行官	PRESIDENT & CEO, BLIZZARD ENTERTAINMENT	1
制作人	PRODUCER	2
制作人	PRODUCERS	2
项目总监	PROJECT DIRECTOR	2
项目总监	PROJECTS DIRECTOR	1
高级经理	SENIOR MANAGER	2
高级经理	SENIOR MANAGERS	1
高级制作人	SENIOR PRODUCER	2
高级制作人	SENIOR PRODUCERS	1
服务质量协调团队经理	SERVICE LEVEL COORDINATORS TEAM MANAGER	2
服务质量协调团队经理	SERVICE LEVEL COORDINATOR TEAM MANAGER	2
支持信息资深工作人员	SUPPORT INFORMATION SENIOR	1
支持信息资深工作人员	SUPPORT INFORMATION SENIORS	1
团队组长	TEAM LEAD	1
团队组长	TEAM LEADS	1
技术总监	TECHNICAL DIRECTOR	2
技术总监	TECHNICAL DIRECTORS	1
技术文档工程师	TECHNICAL WRITER	1
技术文档工程师	TECHNICAL WRITERS	1
全球人力资源副总裁	VICE PRESIDENT OF GLOBAL HUMAN RESOURCES	1
全球人力资源副总裁	VICE PRESIDENT, GLOBAL HUMAN RESOURCES	1
配音	VOICE-OVER	1
配音	VOICE OVER	1
助理编辑	ASSISTANT EDITOR	1
助理编辑	ASSISTANT EDITORS	1
助理编辑	ASSOCIATE EDITOR	1
Steve Blum	Peter Wenke	1
Steve Blum	Werner Rech	1
全球营销执行副总裁	EVP, GLOBAL MARKETING	1
全球营销执行副总裁	EXECUTIVE VICE PRESIDENT, GLOBAL MARKETING	1
混音师	FOLEY MIXERS	1
混音师	STEM MIXES BY	1
实习生	INTERN	1
实习生	INTERNS	1
韩国	KOREA	1
韩国	Korea	2
培训专员	LEARNING SPECIALIST	1
培训专员	LEARNING SPECIALISTS	1
运营总监	OPERATION DIRECTOR	1
运营总监	OPERATIONS DIRECTOR	1
项目经理	PROJECT MANAGER	1
项目经理	PROJECT MANAGERS	1
区域经理	REGIONAL MANAGER	1
区域经理	REGIONAL MANAGERS	1
主管	SUPERVISOR	1
主管	SUPERVISORS	1
支持信息管理员	SUPPORT INFORMATION ADMINISTRATOR	1
支持信息管理员	SUPPORT INFORMATION ADMINISTRATORS	1
台湾	TAIWAN	1
台湾	Taiwan	1
网站制作人	WEB PRODUCER	1
网站制作人	WEB PRODUCERS	1
删除	LÖSCHEN	2
删除	Löschen	3
选择难度	SCHWIERIGKEITSGRAD	1
选择难度	Schwierigkeit wählen	2
持续时间：	Dauer:	2
持续时间：	Dauer:<sp/>	1
贴图	Gekachelt	1
贴图	Texturen	1
类型：	Typ:	1
类型：	Typ:<sp/>	1
版本：	Version:	1
版本：	Version:<sp/>	1
在文件夹中显示 - 最小化游戏窗口，并切换至当前选中的文件。	Im Finder anzeigen - Dies minimiert Ihr Spiel und öffnet die Navigation zur momentan ausgewählten Datei.	1
在文件夹中显示 - 最小化游戏窗口，并切换至当前选中的文件。	In Ordner anzeigen - Dies minimiert Ihr Spiel und öffnet die Navigation zur momentan ausgewählten Datei.	1
加载录像	REPLAY LADEN	1
加载录像	REPLAYS	1
多人游戏	Mehrspielerspiel	1
多人游戏	Mehrspieler	2
多人游戏	Mehrspielermodus	1
保存录像	REPLAY SPEICHERN	1
保存录像	Replay speichern	2
模拟战	Gegen die K.I.	3
模拟战	GEGEN DIE K.I.	1
战败	Niederlage	1
战败	NIEDERLAGE!	1
平局	Unentschieden	1
平局	UNENTSCHIEDEN!	1
部分画面设置需要重启游戏后才能生效。现在就重启游戏吗？	Einige der Gameplay-Optionen erfordern einen Neustart, um wirksam zu werden. Möchten Sie jetzt einen Neustart durchführen?	1
部分画面设置需要重启游戏后才能生效。现在就重启游戏吗？	Einige Ihrer Grafikoptionen erfordern einen Neustart des Spiels. Möchten Sie das Spiel jetzt neu starten?	1
地区	Regional	1
地区	Region	2
欢迎	Willkommen	1
欢迎	WILLKOMMEN	1
开始教学模式	TUTORIAL STARTEN	1
开始教学模式	TUTORIAL SPIELEN	1
设定为观战者	Zum Beobachter ernennen	1
设定为观战者	Zum Zuschauer ernennen	1
坐骑	Reittier	1
坐骑	Reittiere	3
选择坐骑	Wählen Sie ein Reittier	1
选择坐骑	WÄHLEN SIE EIN REITTIER	1
皮肤	Skin	2
皮肤	Skins	5
推荐	VORSCHLAGEN	2
推荐	Empfohlen	2
推荐	Vorschlagen	1
远程	Fernkampf	1
远程	Fernkampf<sp/>	1
已购买	Erworben	1
已购买	Gekauft	1
生命值：	Trefferpunkte:	1
生命值：	Trefferpunkte:<sp/>	1
重放	Neustart	1
重放	Replay	1
录制视频	Als Video aufnehmen	1
录制视频	Aufnahme	1
正在加载	Lädt	1
正在加载	Lade	1
正在加载	LADE	1
显示警告信息	Warnungen anzeigen	1
显示警告信息	Alarm anzeigen	1
寻求组队	Gruppensuche	2
寻求组队	Suche nach Gruppe	1
超大型	Episch	1
超大型	Mega	1
登录	Einloggen	1
登录	Login	1
选项	Optionen	3
选项	OPTIONEN	2
已雇佣	ANGEHEUERT	1
已雇佣	Angeheuert	1
消息记录	Nachrichtenlog	1
消息记录	NACHRICHTENLOG	1
任务：	Mission:	1
任务：	MISSION:	1
移动速度：	Bewegungsgeschwindigkeit:	1
移动速度：	Bewegungsgeschwindigkeit:<sp/>	1
视野	SICHT	1
视野	Sicht	1
奖励目标：	BONUSZIEL:	1
奖励目标：	Bonusziel:	1
任务目标：	MISSIONSZIEL:	1
任务目标：	Missionsziel:	1
奖励：	BELOHNUNG:	1
奖励：	Belohnung:	2
奖励：	BELOHNUNG	1
开始游戏(<h/>P)	<h/>Spielen	2
开始游戏(<h/>P)	<h/>Spiel spielen	1
获取控制	KONTROLLE ÜBERNEHMEN	1
获取控制	Kontrolle übernehmen	1
支付	JETZT BEZAHLEN	1
支付	Zahlung	1
警告！	ACHTUNG!	1
警告！	WARNUNG!	1
总计	Betrag	1
总计	Gesamt	1
总计	Insgesamt	1
搜索英雄	Sammlung durchsuchen	1
搜索英雄	Helden suchen	1
统计	Statistik	1
统计	Statistiken	1
购买	Erwerben	1
购买	KAUFEN	1
播报员	Ansager	2
播报员	<lang rule="gender" word="%0%">Ansager,Ansagerin</lang>	1
正在重新连接游戏，请稍候。	Bitte haben Sie ein wenig Geduld, während wir Sie wieder mit Ihrem Spiel verbinden.	1
正在重新连接游戏，请稍候。	Bitte haben Sie ein wenig Geduld, während wir versuchen, Sie wieder mit dem Spiel zu verbinden.	1
观看录像	Replay	1
观看录像	Replay ansehen	1
关于	Info	1
关于	Übersicht	2
关于	ÜBERSICHT	1
商城暂时不可用，请稍后再试。	Der Shop ist momentan nicht verfügbar. Bitte versuchen Sie es später erneut.	1
商城暂时不可用，请稍后再试。	Der Shop steht derzeit nicht zur Verfügung. Bitte versuchen Sie es später erneut.	1
试用	Ausprobieren	2
试用	AUSPROBIEREN	1
首页	Startseite	1
首页	STARTSEITE	1
离开	Verlassen	1
离开	AFK	2
强化	Stimpacks	1
强化	POWERUP	1
%val%秒	%val% Sek.	3
%val%秒	%val% <lang rule="plural" val="%val%">Sekunde,Sekunden</lang>	1
护盾：	Schilde:	1
护盾：	Schilde:<sp/>	1
忙碌	dnd	1
忙碌	DND	2
语音	Stimmen	1
语音	Sprachchat	1
消耗	Ausgeben	1
消耗	Ausgegeben	1
紫色	Lila	1
紫色	Violett	1
%val%天	%val% <lang rule="plural" val="%val%">Tag,Tagen</lang>	1
%val%天	%val% T.	1
%val%小时	%val% <lang rule="plural" val="%val%">Stunde,Stunden</lang>	1
%val%小时	%val% Std.	1
%val%分钟	%val% <lang rule="plural" val="%val%">Minute,Minuten</lang>	1
%val%分钟	%val% Min.	1
%val%周	%val% <lang rule="plural" val="%val%">Woche,Wochen</lang>	1
%val%周	%val% Wo.	1
%val%年	%val% <lang rule="plural" val="%val%">Jahr,Jahren</lang>	1
%val%年	%val% J.	1
武器速度：	Waffengeschwindigkeit:	1
武器速度：	Waffengeschwindigkeit:<sp/>	1
等级：	Stufe:<sp/>	1
等级：	Rang:<sp/>	1
[观战者]	[Beobachter]	1
[观战者]	[Zuschauer]	1
智能机械	Robotisch	1
智能机械	Roboter	1
