时空提速	Reforço temporal	3
时空提速	Reforço Temporal	2
该单位的护甲被降低了。	Esta unidade tem blindagem reduzida.	1
该单位的护甲被降低了。	Esta unidade está com a blindagem reduzida.	1
KD8型炸弹	KD8 Charge	2
KD8型炸弹	Carga de KD8	1
恢复	Restituição	1
恢复	Restaurar	1
机动突击型载具。可以使用锁定技能在移动状态下快速开火。<n/><n/><c val="#ColorAttackInfo">可以对地。</c>	Veículo de ataque móvel. Usa Trava para disparar rapidamente em movimento.<n/><n/><c val="#ColorAttackInfo">Ataca unidades terrestres.</c>	1
机动突击型载具。可以使用锁定技能在移动状态下快速开火。<n/><n/><c val="#ColorAttackInfo">可以对地。</c>	Veículo de ataque móvel. Usa Trava para disparar rapidamente em movimento.<n/><n/><c val="#ColorAttackInfo">Ataca unidades aéreas e terrestres.</c>	1
拦截机	Interceptores	3
拦截机	Interceptor	1
人类战车和舰船钢板等级2	Terran Vehicle And Ship Plating Level 2	1
人类战车和舰船钢板等级2	Blindagem Veicular e Aeroespacial Terrana Nível 2	1
瓦解射线	Feixe de Distúrbio	2
瓦解射线	Feixe de distúrbio	1
棱镜光束	Feixe prismático	2
棱镜光束	Feixe Prismático	15
雷兽武器冷却时间	Recarga do Armamento do Mammuthus	1
雷兽武器冷却时间	Recarga do armamento do Mammuthus	1
猎杀飞弹	Míssil teleguiado	3
猎杀飞弹	Rastreador	1
群体召回	Convocação em massa	2
群体召回	Convocação em Massa	5
让虫群宿主孵化的蝗虫可以飞行。飞行蝗虫可以使用俯冲降落至地面进行攻击。	Permite que os Gafanhotos gerados pelo Hospedeiro voem. Gafanhotos Voadores usam Rasante para pousar e atacar.	1
让虫群宿主孵化的蝗虫可以飞行。飞行蝗虫可以使用俯冲降落至地面进行攻击。	Os Gafanhotos gerados pelo Hospedeiro voam. Gafanhotos Voadores usam Rasante para pousar e atacar.	1
人类战车和舰船装甲等级2	Revestimento veicular e aeroespacial Terrano Nível 2	1
人类战车和舰船装甲等级2	Veículo terrano e Blindagem de veículo Nível 2	1
人类战车和舰船装甲等级1	Revestimento veicular e aeroespacial Terrano Nível 1	1
人类战车和舰船装甲等级1	Veículo terrano e Blindagem de veículo Nível 1	1
岩石	Rochas	12
岩石	Rocha	6
强酸脊刺	Espinhos Ácidos	2
强酸脊刺	Espinhos ácidos	1
联合指挥官	Comandantes Aliados	1
联合指挥官	COMANDANTES ALIADOS	20
研发	Pesquisa	2
研发	Pesquisar	1
研发	PESQUISA	1
自由射击	Abrir fogo	2
自由射击	Abrir Fogo	1
攻城模式	Cerco	1
攻城模式	Modo Agressivo	1
迷宫式隐形迷彩	Imolação Pirocinética	1
迷宫式隐形迷彩	Camuflagem Labirinto	2
导弹塔	Torre de Mísseis	3
导弹塔	Torre de mísseis	3
大和炮	Arma Yamato	1
大和炮	Yamato Master Blaster	2
大和炮	Canhão Yamato	1
大和炮	Yamato	1
强大的皇家卫队战舰。可以使用大和炮与战术跳跃。在星港中建造。<n/><n/><c val="#ColorAttackInfo">可以对地和对空。</c>	Poderosa nave de combate da Guarda Real. Usa Canhão Yamato e Salto Tático.<n/><n/><c val="#ColorAttackInfo">Ataca unidades aéreas e terrestres.</c>	1
强大的皇家卫队战舰。可以使用大和炮与战术跳跃。在星港中建造。<n/><n/><c val="#ColorAttackInfo">可以对地和对空。</c>	Poderosa nave de combate da Guarda Real. Usa Canhão Yamato e Salto Tático. Construída no Estaleiro Sideral.<n/><n/><c val="#ColorAttackInfo">Ataca unidades aéreas e terrestres.</c>	1
该科技被指挥官威望锁定。	Este aprimoramento está travado pelo seu Prestígio de Comandante.	3
该科技被指挥官威望锁定。	Esta aprimoramento está travado pelo seu Prestígio de Comandante.	1
建造在瓦斯气泉上，用于采集高能瓦斯。	Transdobrado sobre uma fonte de gás vespeno para possibilitar a extração do gás.	1
建造在瓦斯气泉上，用于采集高能瓦斯。	Transdobrado sobre um gêiser de vespeno para possibilitar a extração do gás.	1
建造在瓦斯气泉上，用于采集高能瓦斯。	Transmutado sobre uma fonte de gás vespeno para possibilitar a extração do gás.	2
建造在瓦斯气泉上，用于采集高能瓦斯。	Construída sobre uma fonte de gás vespeno para possibilitar a extração do gás.	1
建造在瓦斯气泉上，用于采集高能瓦斯。	Construída sobre um gêiser de vespeno para possibilitar a extração do gás.	1
专业对空攻击手。可以切换为劳工。<n/><n/><c val="#ColorAttackInfo">可以对地和对空。</c>	Unidade de ataque antiaéreo especializada. Alterna para Operário.<n/><n/><c val="#ColorAttackInfo">Ataca unidades aéreas e terrestres.</c>	1
专业对空攻击手。可以切换为劳工。<n/><n/><c val="#ColorAttackInfo">可以对地和对空。</c>	Unidade de ataque anti-infantaria especializada. Alterna para Operário.<n/><n/><c val="#ColorAttackInfo">Ataca unidades terrestres.</c>	1
空对空激光炮组	Bateria Laser ATA	2
空对空激光炮组	Bateria laser ATA	2
空对地激光炮组	Bateria Laser ATS	2
空对地激光炮组	Bateria laser ATS	2
C-10型霰弹步枪	Rifle de Cilindro C-10	1
C-10型霰弹步枪	Rifle C-10	1
攻城坦克	Tanque de cerco	4
攻城坦克	Tanque de Cerco	1
+~A~%	+~A~%	44
+~A~%	+ ~A~%	1
长箭飞弹	Míssil Relâmpago	3
长箭飞弹	Míssil relâmpago	2
惩罚者榴弹	Granadas de Punição	4
惩罚者榴弹	Granadas de punição	2
研究机械飞蝗截击机舱室	Pesquisar Polos de Gafanhoceptores Mecanoide	1
研究机械飞蝗截击机舱室	Pesquisar Polo de Gafanhoceptor Mecanoide	1
取消	Cancelar	10
取消	CANCELAR	4
爆炸	Explodir	2
爆炸	Explosão	1
自毁型单位。爆炸时能够造成小范围的伤害。<n/><n/><c val="ffff8a">可以对地。</c>	Unidade suicida. Causa danos sobre uma área pequena quando morre. <n/><n/><c val="ffff8a">Ataca unidades terrestres.</c>	1
自毁型单位。爆炸时能够造成小范围的伤害。<n/><n/><c val="ffff8a">可以对地。</c>	Unidade suicida. Causa danos numa área pequena quando morre.<n/><n/><c val="ffff8a">Ataca unidades terrestres.</c>	1
自毁型单位。爆炸时能够造成小范围的伤害。<n/><n/><c val="ffff8a">可以对地。</c>	Unidade suicida. Causa dano em uma área pequena quando morre. <n/><n/><c val="ffff8a">Ataca unidades terrestres.</c>	1
机械孵化场的更高级形态，为机械异虫提供更多的升级方案和建筑方案。可孵化所有机械异虫单位和接收采集到的资源。	Versão mais evoluída da Incubadora Mecanoide, que permite aprimoramentos adicionais e produção de estruturas. Também gera todas as unidades Zergs Mecanoides e recebe recursos extraídos.	1
机械孵化场的更高级形态，为机械异虫提供更多的升级方案和建筑方案。可孵化所有机械异虫单位和接收采集到的资源。	Versão evoluída da Incubadora Mecanoide, que permite aprimoramentos adicionais e produção de estruturas. Também gera todas as unidades Zergs Mecanoides e recebe recursos extraídos.	1
远程攻击单位。<n/><n/><c val="ffff8a">可以对地和对空。</c>	Agressor de longo alcance.<n/><n/><c val="ffff8a">Ataca unidades aéreas e terrestres.</c>	1
远程攻击单位。<n/><n/><c val="ffff8a">可以对地和对空。</c>	Agressor de longo alcance.<n/><n/><c val="ffff8a">Ataca unidades terrestres e aéreas.</c>	3
“爱心区域”每秒给予斯台特曼的单位<d ref="$UpgradeEffectArrayValue:PowerFieldEnergyRegeneration:Behavior,PowerFieldBuffSelfStetmann,PowerStageArray[1].Modification.VitalRegenArray[Energy]$ + Effect,MasteryStetmannStetzoneBonusesEnergyRegenerationSelfDisplayDummy,Amount" precision = "2"  player = "current"/>点艾能恢复。盟友单位每秒获得<d ref="$UpgradeEffectArrayValue:PowerFieldEnergyRegeneration:Behavior,PowerFieldBuffAllyStetmann,PowerStageArray[1].Modification.VitalRegenArray[Energy]$ +  Effect,MasteryStetmannStetzoneBonusesEnergyRegenerationAllyDisplayDummy,Amount" precision = "2"  player = "current"/>点能量恢复。	Permite que Stetzonas concedam <d ref="$UpgradeEffectArrayValue:PowerFieldEnergyRegeneration:Behavior,PowerFieldBuffSelfStetmann,PowerStageArray[1].Modification.VitalRegenArray[Energy]$ + Effect,MasteryStetmannStetzoneBonusesEnergyRegenerationSelfDisplayDummy,Amount" precision = "2"  player = "current"/> de regeneração de egonergia por segundo às unidades de Stetmann. Unidades aliadas ganham <d ref="$UpgradeEffectArrayValue:PowerFieldEnergyRegeneration:Behavior,PowerFieldBuffAllyStetmann,PowerStageArray[1].Modification.VitalRegenArray[Energy]$ +  Effect,MasteryStetmannStetzoneBonusesEnergyRegenerationAllyDisplayDummy,Amount" precision = "2"  player = "current"/> de regeneração de energia por segundo.	1
“爱心区域”每秒给予斯台特曼的单位<d ref="$UpgradeEffectArrayValue:PowerFieldEnergyRegeneration:Behavior,PowerFieldBuffSelfStetmann,PowerStageArray[1].Modification.VitalRegenArray[Energy]$ + Effect,MasteryStetmannStetzoneBonusesEnergyRegenerationSelfDisplayDummy,Amount" precision = "2"  player = "current"/>点艾能恢复。盟友单位每秒获得<d ref="$UpgradeEffectArrayValue:PowerFieldEnergyRegeneration:Behavior,PowerFieldBuffAllyStetmann,PowerStageArray[1].Modification.VitalRegenArray[Energy]$ +  Effect,MasteryStetmannStetzoneBonusesEnergyRegenerationAllyDisplayDummy,Amount" precision = "2"  player = "current"/>点能量恢复。	Stetzonas concedem <d ref="$UpgradeEffectArrayValue:PowerFieldEnergyRegeneration:Behavior,PowerFieldBuffSelfStetmann,PowerStageArray[1].Modification.VitalRegenArray[Energy]$ + Effect,MasteryStetmannStetzoneBonusesEnergyRegenerationSelfDisplayDummy,Amount" precision = "2"  player = "current"/> de regeneração de egonergia por segundo às unidades de Stetmann. Unidades aliadas ganham <d ref="$UpgradeEffectArrayValue:PowerFieldEnergyRegeneration:Behavior,PowerFieldBuffAllyStetmann,PowerStageArray[1].Modification.VitalRegenArray[Energy]$ +  Effect,MasteryStetmannStetzoneBonusesEnergyRegenerationAllyDisplayDummy,Amount" precision = "2"  player = "current"/> de regeneração de energia por segundo.	1
允许“爱心区域”给予斯台特曼的单位<d ref="$UpgradeEffectArrayValue:PowerFieldHPRegeneration:Behavior,PowerFieldBuffSelfStetmann,PowerStageArray[1].Modification.VitalRegenArray[Life]$ + Effect,MasteryStetmannStetzoneBonusesHPRegenerationSelfDisplayDummy,Amount" precision = "2"  player = "current"/>点每秒生命恢复。盟友单位获得<d ref="$UpgradeEffectArrayValue:PowerFieldHPRegeneration:Behavior,PowerFieldBuffAllyStetmann,PowerStageArray[1].Modification.VitalRegenArray[Life]$ + Effect,MasteryStetmannStetzoneBonusesHPRegenerationAllyDisplayDummy,Amount" precision = "2"  player = "current"/>点每秒生命恢复。	Permite que Stetzonas concedam <d ref="$UpgradeEffectArrayValue:PowerFieldHPRegeneration:Behavior,PowerFieldBuffSelfStetmann,PowerStageArray[1].Modification.VitalRegenArray[Life]$ + Effect,MasteryStetmannStetzoneBonusesHPRegenerationSelfDisplayDummy,Amount" precision = "2"  player = "current"/> de regeneração de vida por segundo às unidades de Stetmann. Unidades aliadas ganham <d ref="$UpgradeEffectArrayValue:PowerFieldHPRegeneration:Behavior,PowerFieldBuffAllyStetmann,PowerStageArray[1].Modification.VitalRegenArray[Life]$ + Effect,MasteryStetmannStetzoneBonusesHPRegenerationAllyDisplayDummy,Amount" precision = "2"  player = "current"/> de regeneração de vida por segundo.	1
允许“爱心区域”给予斯台特曼的单位<d ref="$UpgradeEffectArrayValue:PowerFieldHPRegeneration:Behavior,PowerFieldBuffSelfStetmann,PowerStageArray[1].Modification.VitalRegenArray[Life]$ + Effect,MasteryStetmannStetzoneBonusesHPRegenerationSelfDisplayDummy,Amount" precision = "2"  player = "current"/>点每秒生命恢复。盟友单位获得<d ref="$UpgradeEffectArrayValue:PowerFieldHPRegeneration:Behavior,PowerFieldBuffAllyStetmann,PowerStageArray[1].Modification.VitalRegenArray[Life]$ + Effect,MasteryStetmannStetzoneBonusesHPRegenerationAllyDisplayDummy,Amount" precision = "2"  player = "current"/>点每秒生命恢复。	Stetzonas concedem <d ref="$UpgradeEffectArrayValue:PowerFieldHPRegeneration:Behavior,PowerFieldBuffSelfStetmann,PowerStageArray[1].Modification.VitalRegenArray[Life]$ + Effect,MasteryStetmannStetzoneBonusesHPRegenerationSelfDisplayDummy,Amount" precision = "2"  player = "current"/> de regeneração de vida por segundo às unidades de Stetmann. Unidades aliadas ganham <d ref="$UpgradeEffectArrayValue:PowerFieldHPRegeneration:Behavior,PowerFieldBuffAllyStetmann,PowerStageArray[1].Modification.VitalRegenArray[Life]$ + Effect,MasteryStetmannStetzoneBonusesHPRegenerationAllyDisplayDummy,Amount" precision = "2"  player = "current"/> de regeneração de vida por segundo.	1
允许“爱心区域”给予斯台特曼的单位<d ref="$UpgradeEffectArrayValue:PowerFieldMovementSpeed:Behavior,PowerFieldBuffSelfStetmann,PowerStageArray[1].Modification.MoveSpeedMultiplier$*100+Effect,MasteryStetmannStetzoneBonusesMovementSpeedSelfDisplayDummy,Amount" player = "current"/>%移动速度加成。盟友单位获得<d ref="$UpgradeEffectArrayValue:PowerFieldMovementSpeed:Behavior,PowerFieldBuffAllyStetmann,PowerStageArray[1].Modification.AccelerationMultiplier$*100+Effect,MasteryStetmannStetzoneBonusesMovementSpeedAllyDisplayDummy,Amount" player = "current"/>%移动速度加成。	Permite que Stetzonas concedam <d ref="$UpgradeEffectArrayValue:PowerFieldMovementSpeed:Behavior,PowerFieldBuffSelfStetmann,PowerStageArray[1].Modification.MoveSpeedMultiplier$*100+Effect,MasteryStetmannStetzoneBonusesMovementSpeedSelfDisplayDummy,Amount" player = "current"/>% a mais de velocidade de movimento às unidades de Stetmann. Unidades aliadas ganham <d ref="$UpgradeEffectArrayValue:PowerFieldMovementSpeed:Behavior,PowerFieldBuffAllyStetmann,PowerStageArray[1].Modification.AccelerationMultiplier$*100+Effect,MasteryStetmannStetzoneBonusesMovementSpeedAllyDisplayDummy,Amount" player = "current"/>% a mais de velocidade de movimento.	1
允许“爱心区域”给予斯台特曼的单位<d ref="$UpgradeEffectArrayValue:PowerFieldMovementSpeed:Behavior,PowerFieldBuffSelfStetmann,PowerStageArray[1].Modification.MoveSpeedMultiplier$*100+Effect,MasteryStetmannStetzoneBonusesMovementSpeedSelfDisplayDummy,Amount" player = "current"/>%移动速度加成。盟友单位获得<d ref="$UpgradeEffectArrayValue:PowerFieldMovementSpeed:Behavior,PowerFieldBuffAllyStetmann,PowerStageArray[1].Modification.AccelerationMultiplier$*100+Effect,MasteryStetmannStetzoneBonusesMovementSpeedAllyDisplayDummy,Amount" player = "current"/>%移动速度加成。	Stetzonas concedem <d ref="$UpgradeEffectArrayValue:PowerFieldMovementSpeed:Behavior,PowerFieldBuffSelfStetmann,PowerStageArray[1].Modification.MoveSpeedMultiplier$*100+Effect,MasteryStetmannStetzoneBonusesMovementSpeedSelfDisplayDummy,Amount" player = "current"/>% a mais de velocidade de movimento às unidades de Stetmann. Unidades aliadas ganham <d ref="$UpgradeEffectArrayValue:PowerFieldMovementSpeed:Behavior,PowerFieldBuffAllyStetmann,PowerStageArray[1].Modification.AccelerationMultiplier$*100+Effect,MasteryStetmannStetzoneBonusesMovementSpeedAllyDisplayDummy,Amount" player = "current"/>% a mais de velocidade de movimento.	1
刺针利爪	Garras de Agulha	1
刺针利爪	Garras de agulha	1
寄生孢子	Esporo de Parasita	2
寄生孢子	Esporo de parasita	2
在机械巨型尖塔中研究机械飞蝗截击机舱室	Pesquise Polos de Gafanhoceptores Mecanoides no Grande Pináculo Mecanoide	1
在机械巨型尖塔中研究机械飞蝗截击机舱室	Pesquisa Polos de Gafanhoceptores Mecanoides no Grande Pináculo Mecanoide	1
机械飞蝗截击机	Gafanhoceptor Mecanoide	1
机械飞蝗截击机	Gafanhoceptores Mecanoides	1
-~A~秒	-~A~ segundos	6
-~A~秒	-~A~ s	6
<c val="#ColorAttackInfo">必须潜地后才能攻击。</c>	<c val="#ColorAttackInfo">É preciso estar Entocado para atacar.</c>	1
<c val="#ColorAttackInfo">必须潜地后才能攻击。</c>	<c val="#ColorAttackInfo">É preciso estar entocado para atacar.</c>	1
制造共生体	Criar Simbionte	1
制造共生体	Criar Simbiontes	1
高级建造	Construção Avançada	4
高级建造	Construção avançada	1
损坏的德拉肯激光钻机	Broken Drakken Laser Drill	1
损坏的德拉肯激光钻机	Furadeira Laser Drakken Quebrada	1
隐形力场	Campo de camuflagem	2
隐形力场	Campo de invisibilidade	2
隐形力场	Campo de Camuflagem	1
仆从机	Servidores	1
仆从机	Servidor	1
聚变打击	Ataque nuclear	1
聚变打击	Ataque Nuclear	1
脉冲手雷	Granada de Pulso	2
脉冲手雷	Granadas de Pulso	1
灵能风暴	Tempestade psi	1
灵能风暴	Tempestade psiônica	3
霉菌滋生	Crescimento fúngico	4
霉菌滋生	Crescimento Fúngico	3
支配	Dominação	2
支配	Dominar	1
史克比的天使	Anjos Skibis	3
史克比的天使	Anjos de Skibi	3
召唤休伯利安号	Evocar Hipérion	1
召唤休伯利安号	Convoca a Hipérion	1
Void Shard ACUnstable Energy	Void Shard ACUnstable Energy	2
Void Shard ACUnstable Energy	Fragmento do Vazio - CAEnergia Instável	1
Void Shard ACVoid Zone	Void Shard ACVoid Zone	1
Void Shard ACVoid Zone	Fragmento do Vazio - CAZona do Vazio	2
自动机炮	Torre de artilharia automatizada	1
自动机炮	Torre de Artilharia Automatizada	1
战列巡航舰	Cruzador de batalha	3
战列巡航舰	Cruzador de Batalha	1
航母艾尔	Transportadora de Aiur	1
航母艾尔	Colosso de Aiur	1
黑暗圣堂武士	Templário das trevas	2
黑暗圣堂武士	Templário das Trevas	3
吞噬者	O Devorador	2
吞噬者	Devorador	1
火蝠	Morcego de fogo	1
火蝠	Morcego de Fogo	1
维京战机	Viking	5
维京战机	Caça Viking	1
高阶圣堂武士	Templário supremo	3
高阶圣堂武士	Templário Supremo	1
凯莫瑞安工人	Trabalhadores Kel Morianos	1
凯莫瑞安工人	Trabalhador Kelmoriano	3
轨道控制基地	Comando orbital	2
轨道控制基地	Comando Orbital	1
光子炮台	Canhão de fótons	2
光子炮台	Canhão de Fótons	3
侦察机	Nave batedora	1
侦察机	Batedor	1
脊针爬虫	Lagarta espinhosa	3
脊针爬虫	Lagarta Espinhosa	1
孢子爬虫	Lagarta de esporos	2
孢子爬虫	Lagarta de Esporos	1
孢子爬虫	Lagarta de esporos - Arma	1
被感染的军械库	Arsenal infestado	3
被感染的军械库	Arsenal Infestado	1
被感染的兵营	Quartel infestado	4
被感染的兵营	Quartel Infestado	5
被感染的重工厂	Fábrica infestada	4
被感染的重工厂	Fábrica Infestada	1
被感染的陆战队员	Soldado infestado	1
被感染的陆战队员	Soldado Infestado	1
被感染的星港	Estaleiro sideral infestado	3
被感染的星港	Estaleiro Sideral Infestado	1
折跃棱镜	Prisma de Dobra	1
折跃棱镜	Prisma de dobra	2
跳虫	Zergnídeo	6
跳虫	Zergnídeos	1
返回主腔体。	Volte à Câmara Principal.	1
返回主腔体。	Volte à câmara principal.	1
求生无路	Night 2 Die	1
求生无路	Noite Morta	1
回旋刃	Glaive Ricocheteadora	2
回旋刃	Glaive Ricocheteador	3
隐形	Camuflagem	1
隐形	Camuflado	1
黑暗圣堂武士召回	Dark Templar Recalling	1
黑暗圣堂武士召回	Templário das Trevas - Reconvocar	1
焦油炸弹	Bomba de Piche	1
焦油炸弹	Bombas de Piche	3
火控复检	Ativar Substituição	10
火控复检	Cancelar Ativador	3
狂暴	Frenesi	2
狂暴	Frenéticos	1
On Death Vorazun Recall On Death Recently Recalled	On Death Vorazun Recall On Death Recently Recalled	1
On Death Vorazun Recall On Death Recently Recalled	Ao Morrer - Vorazun - Convocação ao Morrer - Convocado Recentemente	1
感染虫群	Enxame Infestado	1
感染虫群	Enxame infestado	1
Void Shard ACDamage Field Debuff	Void Shard ACDamage Field Debuff	1
Void Shard ACDamage Field Debuff	Fragmento do Vazio - CADano - Penalidade Campo	1
该单位已隐形，只能被侦测单位或侦测效果发现。	Esta unidade está camuflada e só será revelada por detectores ou efeitos.	2
该单位已隐形，只能被侦测单位或侦测效果发现。	Esta unidade está camuflada, a menos que seja revelada por detectores ou efeitos.	1
攻击速度降低。	Velocidades de ataque desaceleradas.	1
攻击速度降低。	Velocidade de ataque reduzida.	1
该单位的护甲提高了。	A blindagem desta unidade aumentou.	1
该单位的护甲提高了。	Esta unidade tem blindagem aumentada.	1
该单位正在持续受到伤害。	Esta unidade está recebendo dano ao longo do tempo.	4
该单位正在持续受到伤害。	A unidade está recebendo dano ao longo do tempo.	1
热能射线枪	Lanças Térmicas	7
热能射线枪	Lança térmica	1
潜地冲锋	Carga Subterrânea	3
潜地冲锋	Carregando Entocar	1
军械库双重队列	Armory Double Queue	1
军械库双重队列	Fila Dupla do Arsenal	1
生物质搜集	Biomassa coletada	3
生物质搜集	Biomassa Coletada	2
折跃母舰	Treinar Nave-mãe	1
折跃母舰	Transdobrar Nave-mãe	1
培育爆蚊	Incubação de Flagelo	1
培育爆蚊	Incubar Flagelo	1
德拉肯激光钻机攻击	Drakken Laser Drill Attack	1
德拉肯激光钻机攻击	Ataque da Furadeira Laser Drakken	1
已锁定	Travado	4
已锁定	Bloqueado	2
加载	Carregar	2
加载	CARREGAR	1
孵化虫后	Treinar Rainha	1
孵化虫后	Criar Rainha	1
修理太阳锻炉	Reparar Usina Solar	1
修理太阳锻炉	Conserta a Usina Solar	1
研究后燃充能	Pesquisar Pós-combustão	3
研究后燃充能	Pesquisar Sistema de Armas Classe Ares	1
研究防御矩阵	Pesquisar Matriz Defensiva	1
研究防御矩阵	Pesquisar Matriz de Defesa	2
研究多重锁定武器系统	Pesquisar Sistemas de Mira de Trava Múltipla	1
研究多重锁定武器系统	Pesquisar Sistemas de Mira de Conexão Múltipla	2
神经寄生	Parasita neural	6
神经寄生	Parasita Neural	1
强化修理系统	Sistemas de Reparo Avançados	1
强化修理系统	Sistemas de Conserto Avançados	1
执政官战甲	Traje de Blindagem de Pretor	1
执政官战甲	Traje Blindagem de Pretor Ativo	1
削铁刃虫	Espada Cortante	1
削铁刃虫	Espadas Cortantes	1
暴龙兽	Torrasque	2
暴龙兽	Tiranozoide	1
奇点充能	Carga de singularidade	1
奇点充能	Carga de Singularidade	1
折跃星灵机械单位。<n/><n/><c val="ffff8a">开启：</c><n/>- 不朽者<n/>- 侦测器	Transdobra unidades protoss robóticas.<n/><n/><c val="ffff8a">Ativa:</c><n/>- Imortais<n/>- Vigias	2
折跃星灵机械单位。<n/><n/><c val="ffff8a">开启：</c><n/>- 不朽者<n/>- 侦测器	Transdobra unidades protoss robóticas.<n/><n/><c val="ffff8a">Habilita:</c><n/>- Imortais<n/>- Vigias	1
为侦测器、不朽者和巨像提供升级方案。<n/><n/><c val="ffff8a">开启：</c><n/>- 可以在机械台中折跃巨像	Contém aprimoramentos para Vigias, Imortais e Colossos.<n/><n/><c val="ffff8a">Habilita:</c><n/>- Colossos na Central de Robótica	1
为侦测器、不朽者和巨像提供升级方案。<n/><n/><c val="ffff8a">开启：</c><n/>- 可以在机械台中折跃巨像	Contém aprimoramentos para Vigia, Imortal e Colosso.<n/><n/><c val="ffff8a">Ativa:</c><n/>- Colosso na Central de Robótica	1
投射一道可移动但无法攻击的无敌阴影。<n/><n/>激活此技能后，使徒会在<d ref="Behavior,AdeptPhaseShiftTimer,Duration"/>秒后传送到阴影的位置。<n/><n/>激活后可以取消。	Projeta um Vulto invulnerável que pode se movimentar, mas não atacar.<n/><n/>A Adepta se teleporta para a posição do Vulto <d ref="Behavior,AdeptPhaseShiftTimer,Duration"/> segundos após a ativação.<n/><n/>Pode ser cancelado após a ativação.	1
投射一道可移动但无法攻击的无敌阴影。<n/><n/>激活此技能后，使徒会在<d ref="Behavior,AdeptPhaseShiftTimer,Duration"/>秒后传送到阴影的位置。<n/><n/>激活后可以取消。	Projeta um Vulto invulnerável que se movimenta, mas não ataca.<n/><n/>A Adepta se teleporta para a posição do Vulto <d ref="Behavior,AdeptPhaseShiftTimer,Duration"/> segundos após a ativação.<n/><n/>Pode ser cancelado após a ativação.	1
喷射胆汁轰炸目标区域，伤害区域内的地面和空中单位。	Bombardeia os locais selecionados com bile, causando dano a unidades terrestres e aéreas.	1
喷射胆汁轰炸目标区域，伤害区域内的地面和空中单位。	Bombardeia o local selecionado com bile, causando dano a unidades terrestres e aéreas.	1
为霍纳的单位开启额外的研究选项。	Habilita opções de pesquisa adicionais para as unidades de Horner.	1
为霍纳的单位开启额外的研究选项。	Habilita opções de pesquisa adicional para as unidades de Horner.	1
空中单位研发建筑。科技实验室可以同任何生产建筑相组合。<n/><n/><c val="ffff8a">开启：</c><n/>- 被感染的女妖<n/>- 虫巢女王	Estrutura de pesquisa aeroespacial. O Laboratório Técnico pode ser anexado a qualquer estrutura de produção.<n/><n/><c val="ffff8a">Ativa:</c><n/>- Vudus Infestados<n/>- Rainha	1
空中单位研发建筑。科技实验室可以同任何生产建筑相组合。<n/><n/><c val="ffff8a">开启：</c><n/>- 被感染的女妖<n/>- 虫巢女王	Estrutura de pesquisa aeroespacial. O Laboratório Técnico pode ser anexado a qualquer estrutura de produção.<n/><n/><c val="ffff8a">Ativa:</c><n/>- Vudus Infestados<n/>- Rainhas	1
一种能从地下采集瓦斯的高级精炼厂，能使用短距折跃力场将高能瓦斯直接送往指挥中心。<n/><n/><c val="FFFF8A">无需建在瓦斯气泉上。</c>	NÃO USADO. Uma Refinaria avançada que envia gás vespeno refinado direto à Central de Comando via campos de transdobra de curto alcance.<n/><n/><c val="FFFF8A">Não precisa ser construída num gêiser de gás vespeno.</c>	1
一种能从地下采集瓦斯的高级精炼厂，能使用短距折跃力场将高能瓦斯直接送往指挥中心。<n/><n/><c val="FFFF8A">无需建在瓦斯气泉上。</c>	Uma Refinaria avançada que envia gás vespeno refinado direto à Central de Comando via campos de transdobra de curto alcance.<n/><n/><c val="FFFF8A">Não precisa ser construída num gêiser de gás vespeno.</c>	1
强大的灵能战士。<n/><n/><c val="ffff8a">可以对地和对空。</c>	Poderoso atacante psiônico.<n/><n/><c val="ffff8a">Ataca unidades aéreas e terrestres.</c>	1
强大的灵能战士。<n/><n/><c val="ffff8a">可以对地和对空。</c>	Atacante psiônico poderoso.<n/><n/><c val="ffff8a">Ataca unidades terrestres e aéreas.</c>	1
远程对地飞行单位。<n/><n/><c val="ffff8a">可以对地。</c>	Voador antiterrestre de longo alcance. <n/><n/><c val="ffff8a">Ataca unidades terrestres.</c>	1
远程对地飞行单位。<n/><n/><c val="ffff8a">可以对地。</c>	Unidade aérea antiterrestre de longo alcance.<n/><n/><c val="ffff8a">Ataca unidades terrestres.</c>	1
召唤强力临时防御蠕虫，可以侦测隐形和潜地单位。	Convoca um poderoso verme defensivo temporário que detecta unidades camufladas e entocadas.	1
召唤强力临时防御蠕虫，可以侦测隐形和潜地单位。	Convoca um poderoso verme defensivo temporário que detecta unidades entocadas e camufladas.	1
迅捷的肉搏型生物。<n/><n/><c val="FFFF8A">可以对地。</c>	Criatura de luta corpo a corpo rápida.<n/><n/><c val="FFFF8A">Ataca unidades terrestres.</c>	1
迅捷的肉搏型生物。<n/><n/><c val="FFFF8A">可以对地。</c>	Criatura de combate corpo a corpo veloz.<n/><n/><c val="FFFF8A">Ataca unidades terrestres.</c>	2
蜘蛛雷会对进入范围的敌方单位进行追击，引爆后可造成大量范围伤害。潜地的蜘蛛雷只能被敌人的侦测单位发现。	Minas-aranha perseguem unidades inimigas que entram no alcance e detonam para provocar danos de área pesados. Minas-aranha plantadas só podem ser vistas por detectores do inimigo.	1
蜘蛛雷会对进入范围的敌方单位进行追击，引爆后可造成大量范围伤害。潜地的蜘蛛雷只能被敌人的侦测单位发现。	Minas-aranha perseguem unidades inimigas que entram no alcance e detonam para provocar danos de área pesados. Minas-aranha plantadas só podem ser vistas por Detectores do inimigo.	1
孵化一只重型突击巨兽，其体型和力量均远超雷兽。<n/><n/><c val="#ColorAttackInfo">可以对空和对地。</c>	Gera um monstro de ataque gigantesco que faz até o Mammuthus parecer pequeno e fraco. <n/><n/><c val="#ColorAttackInfo">Ataca unidades terrestres e aéreas.</c>	1
孵化一只重型突击巨兽，其体型和力量均远超雷兽。<n/><n/><c val="#ColorAttackInfo">可以对空和对地。</c>	Gera uma fera de ataque gigantesca que faz até o Mammuthus parecer pequeno e fraco. <n/><n/><c val="#ColorAttackInfo">Ataca unidades terrestres e aéreas.</c>	1
<c val="ffff8a">异龙</c>的龙爪现在可以额外弹射3下，现在可以至多击中6名目标。弹射现在也拥有更远的弹射范围。	O ataque da <c val="ffff8a">Mutalisca</c> ricocheteia três vezes a mais, atingindo até seis alvos. Os ricochetes também têm um alcance maior.	1
<c val="ffff8a">异龙</c>的龙爪现在可以额外弹射3下，现在可以至多击中6名目标。弹射现在也拥有更远的弹射范围。	O ataque da <c val="ffff8a">Mutalisca</c> ricocheteia três vezes a mais, atingindo até seis alvos. Os ricochetes têm maior alcance.	1
所有<c val="ffff8a">飞蛇</c>技能获得+<d ref="Upgrade,ViperImprovedCastRange,EffectArray[0].Value"/>的施法范围。	Todas as habilidades da <c val="ffff8a">Víbora</c>  ganham +<d ref="Upgrade,ViperImprovedCastRange,EffectArray[0].Value"/> de alcance de lançamento.	1
所有<c val="ffff8a">飞蛇</c>技能获得+<d ref="Upgrade,ViperImprovedCastRange,EffectArray[0].Value"/>的施法范围。	Todas as habilidades da <c val="ffff8a">Víbora</c> ganham +<d ref="Upgrade,ViperImprovedCastRange,EffectArray[0].Value"/> de alcance de lançamento.	1
负责容纳星灵英雄的智能人格。一旦这些智能人格研究完毕后，将会自动下载至任意可用的宿主单位中。	Abriga personalidades em I.A. dos campeões Protoss. Ao serem pesquisadas, essas personalidades I.A. são baixadas automaticamente para qualquer unidade hospedeira disponível.	1
负责容纳星灵英雄的智能人格。一旦这些智能人格研究完毕后，将会自动下载至任意可用的宿主单位中。	Abriga personalidades em I.A. dos campeões protoss. Ao serem pesquisadas, essas personalidades I.A. são baixadas automaticamente para qualquer unidade hospedeira disponível.	1
为诺娃提供升级方案。<n/><n/><c val="ffff8a">开启：</c><n/>- 可以在兵营中训练幽灵<n/>- 诺娃可以使用战术聚变打击	Contém aprimoramentos para Nova.<n/><n/><c val="ffff8a">Habilita:</c><n/>- Fantasmas no Quartel<n/>- Ataque nuclear tático em Nova	1
为诺娃提供升级方案。<n/><n/><c val="ffff8a">开启：</c><n/>- 可以在兵营中训练幽灵<n/>- 诺娃可以使用战术聚变打击	Contém aprimoramentos para Nova.<n/><n/><c val="ffff8a">Habilita:</c><n/>- Fantasmas no Quartel<n/>- Ataque Nuclear Tático em Nova	1
冷却时间：<d ref="Behavior,HHBomberDockCooldown,Duration"/><n/><n/>向目标位置发射攻击战斗机，对该位置的敌方地面单位造成<d ref="Effect,HHBomberAreaBombDamage,Amount"/> (+<d ref="Effect,HHBomberAreaBombDamage,AttributeBonus[Structure]"/>对非英雄建筑) 点伤害。	Recarga: <d ref="Behavior,HHBomberDockCooldown,Duration"/><n/><n/>Lança o Caça de Ataque na direção-alvo, onde ele causa <d ref="Effect,HHBomberAreaBombDamage,Amount"/> (+ <d ref="Effect,HHBomberAreaBombDamage,AttributeBonus[Structure]"/>a estruturas não Heroicas) de dano às unidades inimigas terrestres na área-alvo.	1
冷却时间：<d ref="Behavior,HHBomberDockCooldown,Duration"/><n/><n/>向目标位置发射攻击战斗机，对该位置的敌方地面单位造成<d ref="Effect,HHBomberAreaBombDamage,Amount"/> (+<d ref="Effect,HHBomberAreaBombDamage,AttributeBonus[Structure]"/>对非英雄建筑) 点伤害。	Recarga: <d ref="Behavior,HHBomberDockCooldown,Duration"/><n/><n/>Envia o Caça de Ataque na direção selecionada, onde ele causa <d ref="Effect,HHBomberAreaBombDamage,Amount"/> (+ <d ref="Effect,HHBomberAreaBombDamage,AttributeBonus[Structure]"/> a estruturas não Heroicas) de dano às unidades inimigas terrestres na área-alvo.	1
基础工作单位。用于采集资源、建造人类建筑和修理。<n/><n/><c val="#ColorAttackInfo">可以对地</c>	Unidade trabalhadora básica. Extrai recursos, constrói estruturas terranas e realiza reparos.<n/><n/><c val="#ColorAttackInfo">Ataca unidades terrestres.</c>	1
基础工作单位。用于采集资源、建造人类建筑和修理。<n/><n/><c val="#ColorAttackInfo">可以对地</c>	Unidade trabalhadora básica. Extrai recursos, constrói estruturas terranas e realiza consertos.<n/><n/><c val="#ColorAttackInfo">Ataca unidades terrestres.</c>	1
攻击会额外弹射3次，最多可以击中6个目标。弹射距离也更远。	Os ataques ricocheteiam três vezes a mais, atingindo até seis alvos. Os ricochetes também têm um alcance maior.	1
攻击会额外弹射3次，最多可以击中6个目标。弹射距离也更远。	Os ataques ricocheteiam três vezes a mais, atingindo até seis alvos. Os ricochetes têm maior alcance.	1
<n/><n/><c val="FFFF8A">精通：</c>冷却时间缩短<c val="FFFF8A"><d ref="Effect,MasteryZeratulAvatarCooldownDisplayDummy,Amount" player="current"/></c>秒。	<n/><n/><c val="FFFF8A">Maestria:</c> Reduz a recarga em <c val="FFFF8A"><d ref="Effect,MasteryZeratulAvatarCooldownDisplayDummy,Amount" player="current"/></c>.	1
<n/><n/><c val="FFFF8A">精通：</c>冷却时间缩短<c val="FFFF8A"><d ref="Effect,MasteryZeratulAvatarCooldownDisplayDummy,Amount" player="current"/></c>秒。	<n/><n/><c val="FFFF8A">Maestria:</c> Reduz a recarga em <c val="FFFF8A"><d ref="Effect,MasteryZeratulAvatarCooldownDisplayDummy,Amount" player="current"/></c> s.	1
高级空中侦察单位。 能够维持王虫形态时所控制的单位上限。<n/><n/><c val="FFE303">侦测单位</c>	Vigia aéreo avançado. Mantém o limite de unidades definido pelo Suserano.<n/><n/><c val="FFE303">Detector</c>	1
高级空中侦察单位。 能够维持王虫形态时所控制的单位上限。<n/><n/><c val="FFE303">侦测单位</c>	Observador aéreo avançado. Mantém o limite de unidades definido pelo Suserano.<n/><n/><c val="FFE303">Detector</c>	1
主力防御建筑。<n/><n/><c val="ffff8a">可以对地和对空。</c><n/><c val="FFE303">侦测单位</c>	Estrutura de defesa principal.<n/><n/><c val="ffff8a">Ataca unidades terrestres e aéreas.</c><n/><c val="FFE303">Detector</c>	1
主力防御建筑。<n/><n/><c val="ffff8a">可以对地和对空。</c><n/><c val="FFE303">侦测单位</c>	Unidade defensiva primária.<n/><n/><c val="ffff8a">Ataca unidades terrestres e aéreas.</c><n/><c val="FFE303">Detector</c>	3
主力防御建筑。<n/><n/><c val="ffff8a">可以对地和对空。</c><n/><c val="FFE303">侦测单位</c>	Estrutura defensiva primária.<n/><n/><c val="ffff8a">Ataca unidades terrestres e aéreas.</c><n/><c val="FFE303">Detector</c>	1
使阴影投射的冷却时间缩短<d ref="$UpgradeEffectArrayValue:ZeratulArtifactUpgradeTier2C:Abil,PhaseCannonProjection,Cost[0].Cooldown.TimeUse$/Abil,PhaseCannonProjection,Cost[0].Cooldown.TimeUse*100" player="0"/>%。暗影屏障吸收的伤害量提高<d ref="($UpgradeEffectArrayValue:ZeratulArtifactUpgradeTier2C:Behavior,ZeratulStructureBarrier,DamageResponse.ModifyLimit$/Behavior,ZeratulStructureBarrier,DamageResponse.ModifyLimit)*100" player="0"/>%。	Reduz em <d ref="$UpgradeEffectArrayValue:ZeratulArtifactUpgradeTier2C:Abil,PhaseCannonProjection,Cost[0].Cooldown.TimeUse$/Abil,PhaseCannonProjection,Cost[0].Cooldown.TimeUse*100" player="0"/>% a recarga da Projeção de Vulto. Aumenta em <d ref="($UpgradeEffectArrayValue:ZeratulArtifactUpgradeTier2C:Behavior,ZeratulStructureBarrier,DamageResponse.ModifyLimit$/Behavior,ZeratulStructureBarrier,DamageResponse.ModifyLimit)*100" player="0"/>% o dano absorvido da Barreira de Vulto.	1
使阴影投射的冷却时间缩短<d ref="$UpgradeEffectArrayValue:ZeratulArtifactUpgradeTier2C:Abil,PhaseCannonProjection,Cost[0].Cooldown.TimeUse$/Abil,PhaseCannonProjection,Cost[0].Cooldown.TimeUse*100" player="0"/>%。暗影屏障吸收的伤害量提高<d ref="($UpgradeEffectArrayValue:ZeratulArtifactUpgradeTier2C:Behavior,ZeratulStructureBarrier,DamageResponse.ModifyLimit$/Behavior,ZeratulStructureBarrier,DamageResponse.ModifyLimit)*100" player="0"/>%。	Reduz em <d ref="$UpgradeEffectArrayValue:ZeratulArtifactUpgradeTier2C:Abil,PhaseCannonProjection,Cost[0].Cooldown.TimeUse$/Abil,PhaseCannonProjection,Cost[0].Cooldown.TimeUse*100" player="0"/>% a recarga da Projeção de Vulto. Aumenta em <d ref="($UpgradeEffectArrayValue:ZeratulArtifactUpgradeTier2C:Behavior,ZeratulStructureBarrier,DamageResponse.ModifyLimit$/Behavior,ZeratulStructureBarrier,DamageResponse.ModifyLimit)*100" player="0"/>% o dano absorvido pela Barreira de Vulto.	1
将超维空间巨石投射至目标位置，同时传递其所有护盾和武器，持续<d ref="Behavior,ZeratulPhotonCannonProjection,Duration"/>秒。超维空间巨石在该技能激活期间处于失效状态。	Projeta o Monólito Tesserato em um local selecionado por <d ref="Behavior,ZeratulPhotonCannonProjection,Duration"/> s, transferindo todos os escudos e a arma dele. O Monólito Tesserato ficará desativado enquanto esta habilidade estiver ativa.	1
将超维空间巨石投射至目标位置，同时传递其所有护盾和武器，持续<d ref="Behavior,ZeratulPhotonCannonProjection,Duration"/>秒。超维空间巨石在该技能激活期间处于失效状态。	Projeta o Canhão Tesserato em um local selecionado por <d ref="Behavior,ZeratulPhotonCannonProjection,Duration"/> s, transferindo todos os escudos e a arma dele. O Canhão Tesserato ficará desativado enquanto esta habilidade estiver ativa.	1
ACPirate Capital Ship Tractor Beam	ACPirate Capital Ship Tractor Beam	2
ACPirate Capital Ship Tractor Beam	CANau Capitânia Pirata - Raio de Tração	2
聚变弹头	Arma Nuclear	5
聚变弹头	Arma nuclear	1
升级	APRIMORAMENTO	1
升级	Aprimoramentos	1
升级	Subiu de Nível	1
升级	Subiu no ranque	1
升级	Subiu de nível	1
<c val="FF9800">你的英雄已阵亡。</c>	<c val="FF9800">Seu herói morreu.</c>	2
<c val="FF9800">你的英雄已阵亡。</c>	<c val="FF9800">Seu herói ressuscitou.</c>	1
~time~ Player ~player~ - Attack Wave Difficulty ~diff~ Total Resources ~total~	~time~ Jogador ~player~ - Dificuldade da onda de ataque ~diff~ Recursos Totais ~total~	1
~time~ Player ~player~ - Attack Wave Difficulty ~diff~ Total Resources ~total~	~time~ Jogador ~player~ - Dificuldade da Onda de Ataque ~diff~ Recursos Totais ~total~	1
消灭：~A~/~B~	Mortes: ~A~/~B~	1
消灭：~A~/~B~	Abates: ~A~/~B~	1
[Counter Units] Resources Used exceeds Resources Total in CoopAI_ConstructAttackWave	[Contadores de Unidade] Recursos Usados excedem Total de Recursos em CoopAI_ConstructAttackWave	1
[Counter Units] Resources Used exceeds Resources Total in CoopAI_ConstructAttackWave	[Combate Unidades] Recursos Usados excedem Total de Recursos em CoopAI_ConstructAttackWave	1
杀戮机器人	Robô da Morte	1
杀戮机器人	Robô de Abate	2
杀戮机器人	Robôs de Abate	1
同化体	Propagador	2
同化体	Propagadores	2
确认	Confirmar	1
确认	CONFIRMAR	1
关闭	Desligado	5
关闭	Fechar	4
关闭	FECHAR	2
胜利	Vitória	1
胜利	VITÓRIA!	1
返回	Continuar	1
返回	Voltar	1
返回	VOLTAR	3
被感染的人类	Terranos infestados	1
被感染的人类	Terrano infestado	2
被感染的人类	Terranos Infestados	1
在尖塔进化残暴龙爪	Evoluir Espada Cruel no Pináculo	1
在尖塔进化残暴龙爪	Evolua a Espada Cruel no Pináculo	1
人类舰船武器等级2	Armamento aeroespacial terrano nível 2	1
人类舰船武器等级2	Armas da nave terrana nível 2	1
人类舰船钢板等级2	Revestimento aeroespacial terrano nível 2	1
人类舰船钢板等级2	Revestimento aeroespacial terrana nível 2	1
人类舰船武器等级1	Armamento aeroespacial terrano nível 1	1
人类舰船武器等级1	Armas da nave terrana nível 1	1
航母搭载的拦截机数量无法多于8架	A Transportadora deve ter menos de 8 Interceptores	1
航母搭载的拦截机数量无法多于8架	A Transportadora precisa ter menos de 8 Interceptores	1
空	nulo	1
空	Vazio	1
开始游戏	Iniciar Jogo	1
开始游戏	INICIAR O JOGO	1
开始游戏	Iniciar jogo	1
休闲	CASUAL	1
休闲	Casual	1
普通	Médio	1
普通	NORMAL	2
普通	Normal	5
困难	Difícil	3
困难	DIFÍCIL	1
残酷	BRUTAL	1
残酷	Brutal	1
任务	Missão	2
任务	MISSÃO	1
任务	Missões	1
人类步兵护甲	Armadura de infantaria terrana	1
人类步兵护甲	Blindagens de infantaria terrana	1
异虫飞行生物甲壳	Carapaça de unidades voadoras zergs	1
异虫飞行生物甲壳	Blindagens de voador zerg	1
异虫地面单位甲壳	Carapaça de unidades terrestres zergs	1
异虫地面单位甲壳	Blindagens terrestre zerg	1
信标	Sinal	1
信标	Sinalizador	1
信标	SINALIZADOR	1
攻击型无人机	Drone de Ataque	1
攻击型无人机	Drones de Ataque	2
虚空重生者	Reanimador do Vazio	1
虚空重生者	Reanimadores do Vazio	1
短视症	Visão curta	1
短视症	Visão reduzida	1
基地	DESISTÊNCIA	1
基地	Desistência	1
+~A~秒	+~A~ Segundos	2
+~A~秒	+~A~ segundos	1
+~A~伤害	+~A~ de Dano	2
+~A~伤害	+~A~ de dano	1
消耗战	Guerra de Atrito	1
消耗战	Batalha de Atrito	1
舒特	Schutter	1
舒特	Shute	1
少校	Tenente-comandante	2
少校	Major	2
自定义	Personalizado	2
自定义	PERSONALIZADO	1
反冲火箭	Foguetes de Reação	3
反冲火箭	Foguetes de retrocesso	2
灵能冲击波	Onda de Choque Psiônica	1
灵能冲击波	Onda de choque psiônica	1
烈性爆弹	Explosão Volátil	3
烈性爆弹	Explosão volátil	2
灵能利刃	Lâminas Psi	1
灵能利刃	Lâminas psi	1
曲光战刃	Lâminas de Transdobra	1
曲光战刃	Lâminas de transdobra	1
折跃	Transdobrando	1
折跃	Transdobrar	2
D-8型炸药	Carga D8	2
D-8型炸药	Carga D-8	3
悬浮恶蝠模式	Modo Morcego Infernal - Flutuar	1
悬浮恶蝠模式	Flutuar - Modo Endiabrado - Flutuar	1
使用猎杀飞弹武器替换猎杀飞弹技能，可自动攻击敌方单位且不会消耗能量。	Substitui a habilidade Míssil Teleguiado por uma arma de Mísseis Teleguiados Caçadores, que atacam unidades inimigas automaticamente e não custam energia.	1
使用猎杀飞弹武器替换猎杀飞弹技能，可自动攻击敌方单位且不会消耗能量。	Substitui a habilidade Míssil Teleguiado por uma arma de Mísseis Teleguiados que atacam unidades inimigas automaticamente e não custam energia.	1
蜘蛛雷会对进入范围的敌方单位进行追击，引爆后可造成大量范围伤害。潜地的蜘蛛雷只能被敌人的<c val="FFE303">侦测单位</c>发现。	Minas-aranha perseguem unidades inimigas que entram na mira e detonam para provocar danos de área pesados. Minas-aranha plantadas só podem ser vistas por <c val="FFE303">Detectores</c> do inimigo.	1
蜘蛛雷会对进入范围的敌方单位进行追击，引爆后可造成大量范围伤害。潜地的蜘蛛雷只能被敌人的<c val="FFE303">侦测单位</c>发现。	Minas-aranha perseguem unidades inimigas que entram no alcance e detonam para provocar danos de área pesados. Minas-aranha plantadas só podem ser vistas por <c val="FFE303">Detectores</c> do inimigo.	2
狙击手。能够使用EMP弹和狙杀技能，升级后可以使用隐形技能。能够对幽灵军校发动的聚变打击进行制导。<n/><n/><c val="#ColorAttackInfo">可以对地和对空。</c>	Atirador de elite. Usa Tiro de precisão, Munição PEM e pode ser aprimorado para usar Camuflagem. Pode convocar Armas nucleares táticas construídas na Academia fantasma.<n/><n/><c val="#ColorAttackInfo">Ataca unidades terrestres e aéreas.</c>	1
狙击手。能够使用EMP弹和狙杀技能，升级后可以使用隐形技能。能够对幽灵军校发动的聚变打击进行制导。<n/><n/><c val="#ColorAttackInfo">可以对地和对空。</c>	Atirador de elite. Usa Tiro de Precisão, Munição PEM e pode ser aprimorado para usar Camuflagem. Convoca Armas Nucleares Táticas construídas na Academia Fantasma.<n/><n/><c val="#ColorAttackInfo">Ataca unidades terrestres e aéreas.</c>	1
通用型步兵。<n/><n/><c val="#ColorAttackInfo">可以对地和对空。</c>	Infantaria de uso geral.<n/><n/><c val="#ColorAttackInfo">Ataca unidades terrestres e aéreas.</c>	1
通用型步兵。<n/><n/><c val="#ColorAttackInfo">可以对地和对空。</c>	Infantaria básica.<n/><n/><c val="#ColorAttackInfo">Ataca unidades terrestres e aéreas.</c>	1
Already cast	Já lançado	1
Already cast	Já contratado	1
Already cast	Já contratada	1
头像	Retrato	1
头像	Retratos	1
人类舰船钢板	Revestimento aeroespacial terrano	1
人类舰船钢板	Blindagens de nave terrana	1
人类战车钢板	Revestimento veicular terrano	1
人类战车钢板	Blindagens veicular terrano	1
补给箱	Caixote de Reabastecimento	1
补给箱	Caixote de Suprimentos	1
英雄	Herói	2
英雄	Heróis	2
马拉什	Ma'lash	1
马拉什	Malash	1
Rick Wasserman	Rubens Pimpim	1
Rick Wasserman	Vagner Santos	1
Patrick Seitz	Don Donini	1
Patrick Seitz	Léo Martins	1
Patrick Seitz	Maurício Berger	1
Rachael MacFarlane	Leticia Quinto	1
Rachael MacFarlane	Adriana Torres	1
Fred Tatasciore	Guilherme Lopes	1
Fred Tatasciore	Mauro Castro	1
Fred Tatasciore	Guremberg Barros	1
Robert Clotworthy	Tatá Guarnieri	1
Robert Clotworthy	Márcio Simões	1
Armin Shimerman	Marco Aurélio	1
Armin Shimerman	Cláudio Satiro	1
Armin Shimerman	Ricardo Schnetzer	1
Josh Keaton	Sílvio Giraldi	1
Josh Keaton	Thiago Fagundes	1
Nika Futterman	Elisa Vilon	1
Nika Futterman	Gilmara Sanches	1
Nika Futterman	Ilka Pinheiro	1
远	Longe	1
远	Distante	1
在记忆闪回阶段所做的单位选择，直接决定你将遭遇的异虫类型。请明智选择。	A seleção de unidades durante flashbacks determina os tipos de inimigos que você encontrará. Escolha com cuidado.	1
在记忆闪回阶段所做的单位选择，直接决定你将遭遇的异虫类型。请明智选择。	As decisões feitas nos flashbacks de Nova determinam os tipos de zergs que você enfrentará durante a missão. Escolha com cuidado.	1
逮捕戴维斯将军	Capture a General Davis	1
逮捕戴维斯将军	Prenda a General Davis	1
播放	TOCAR	1
播放	Jogar	1
播放	Reproduzir	1
科技可用	Tecnologia Disponível	1
科技可用	Tecnologia disponível	1
单位	Unidade	1
单位	Unidades	2
否	Não	2
否	NÃO	1
全部	Todos	1
全部	Tudo	2
成就	Conquistas	1
成就	Conquista	1
成就	CONQUISTAS	1
奖励	Recompensa	1
奖励	Recompensas	1
关闭(<h/>C)	FE<h/>CHAR	1
关闭(<h/>C)	<h/>FECHAR	2
给女妖装备冲击波导弹巢，提升他们的攻击能力，对一条直线上的多个目标造成伤害。	Equipa Vudus com Baterias de Mísseis de Onda de Choque, aprimorando os ataques para causar dano a múltiplas unidades em uma linha reta.	1
给女妖装备冲击波导弹巢，提升他们的攻击能力，对一条直线上的多个目标造成伤害。	Equipa Vudus com uma Bateria de Mísseis de Onda de Choque, aprimorando seus ataques para causar dano a múltiplas unidades em uma linha reta.	1
诺娃在进行单人行动时，你无需控制你的部队。在她返回之前，战场环境会一直处于静止状态。	Você não precisa controlar seu exército quando Nova estiver conduzindo uma operação solo. As condições do campo de batalha permanecerão estáveis até ela retornar.	1
诺娃在进行单人行动时，你无需控制你的部队。在她返回之前，战场环境会一直处于静止状态。	Você não precisa controlar seu exército quando Nova estiver conduzindo uma operação solo. As condições do campo de batalha permanecerão como estão até ela retornar.	1
湮灭低语	Prenúncio da Aniquilação	1
湮灭低语	PRENÚNCIO DA ANIQUILAÇÃO	1
摧毁关押室，救出其中被俘的圣堂武士。	Destruir a Cela de Contenção para libertar os Templários.	2
摧毁关押室，救出其中被俘的圣堂武士。	Destruir a Cela de Contenção para libertar os últimos Templários aprisionados.	1
帮助	Ajuda	4
帮助	AJUDA	2
任务完成	MISSÃO CUMPRIDA	1
任务完成	Missões concluídas	1
退出	Sair	4
退出	SAIR	1
艾尔 光桥 已废弃 – 东北 – 高度10 – 缩回	Aiur Light Bridge Abandoned – NE – Height 10 – Retract	1
艾尔 光桥 已废弃 – 东北 – 高度10 – 缩回	Aiur Light Bridge Abandoned – NE – Height 10 – Retracted	1
艾尔 光桥 已废弃 – 东北 – 高度10 – 延伸	Aiur Light Bridge Abandoned – NE – Height 10 – Extend	1
艾尔 光桥 已废弃 – 东北 – 高度10 – 延伸	Aiur Light Bridge Abandoned – NE – Height 10 – Extended	1
艾尔 光桥 已废弃 – 东北 – 高度12 – 缩回	Aiur Light Bridge Abandoned – NE – Height 12 - Retract	1
艾尔 光桥 已废弃 – 东北 – 高度12 – 缩回	Aiur Light Bridge Abandoned – NE – Height 12 - Retracted	1
艾尔 光桥 已废弃 – 东北 – 高度12 – 延伸	Aiur Light Bridge Abandoned – NE – Height 12 - Extend	1
艾尔 光桥 已废弃 – 东北 – 高度12 – 延伸	Aiur Light Bridge Abandoned – NE – Height 12 - Extended	1
艾尔 光桥 已废弃 – 东北 – 高度8 – 缩回	Aiur Light Bridge Abandoned – NE – Height 8 - Retract	1
艾尔 光桥 已废弃 – 东北 – 高度8 – 缩回	Aiur Light Bridge Abandoned – NE – Height 8 - Retracted	1
艾尔 光桥 已废弃 – 西北 – 高度10 – 缩回	Aiur Light Bridge Abandoned – NW – Height 10 - Retract	1
艾尔 光桥 已废弃 – 西北 – 高度10 – 缩回	Aiur Light Bridge Abandoned – NW – Height 10 - Retracted	1
艾尔 光桥 已废弃 – 西北 – 高度10 – 延伸	Aiur Light Bridge Abandoned – NW – Height 10 - Extend	1
艾尔 光桥 已废弃 – 西北 – 高度10 – 延伸	Aiur Light Bridge Abandoned – NW – Height 10 - Extended	1
艾尔 光桥 已废弃 – 西北 – 高度12 – 缩回	Aiur Light Bridge Abandoned – NW – Height 12 - Retract	1
艾尔 光桥 已废弃 – 西北 – 高度12 – 缩回	Aiur Light Bridge Abandoned – NW – Height 12 - Retracted	1
艾尔 光桥 已废弃 – 西北 – 高度12 – 延伸	Aiur Light Bridge Abandoned – NW – Height 12 - Extend	1
艾尔 光桥 已废弃 – 西北 – 高度12 – 延伸	Aiur Light Bridge Abandoned – NW – Height 12 - Extended	1
艾尔 光桥 已废弃 – 西北 – 高度8 – 缩回	Aiur Light Bridge Abandoned – NW – Height 8 – Retract	1
艾尔 光桥 已废弃 – 西北 – 高度8 – 缩回	Aiur Light Bridge Abandoned – NW – Height 8 – Retracted	1
艾尔 光桥 已废弃 – 西北 – 高度8 – 延伸	Aiur Light Bridge Abandoned – NW – Height 8 – Extend	1
艾尔 光桥 已废弃 – 西北 – 高度8 – 延伸	Aiur Light Bridge Abandoned – NW – Height 8 – Extended	1
幻像与本体单位的功能相似，但无法使用主动技能或造成伤害，并且更容易死亡。幻像在持续<d time="60"/>后消失。	Essa alucinação funciona como a unidade original, mas não causa danos e morre mais facilmente. Alucinações duram <d time="60"/> antes de desaparecer.	6
幻像与本体单位的功能相似，但无法使用主动技能或造成伤害，并且更容易死亡。幻像在持续<d time="60"/>后消失。	Estas alucinações funcionam como a unidade original, mas não podem usar habilidades, não causam danos e morrem mais facilmente. Alucinações duram <d time="60"/> antes de desaparecerem.	3
幻像与本体单位的功能相似，但无法使用主动技能或造成伤害，并且更容易死亡。幻像在持续<d time="60"/>后消失。	Estas Alucinações funcionam como a unidade original, mas não usam habilidades ativas, não causam dano, não transdobram estruturas nem extraem recursos, e morrem mais facilmente. As Alucinações duram <d time="60"/> e depois desaparecem.	1
飞行生物。能够利用弹射攻击同时伤害多个目标。<n/><n/><c val="ffff8a">可以对地和对空。</c>	Unidade aérea. Ricocheteia seu tiro para acertar vários alvos.<n/><n/><c val="ffff8a">Ataca unidades aéreas e terrestres.</c>	1
飞行生物。能够利用弹射攻击同时伤害多个目标。<n/><n/><c val="ffff8a">可以对地和对空。</c>	Unidade aérea. Ricocheteia seus tiros para atingir vários alvos.<n/><n/><c val="ffff8a">Ataca unidades aéreas e terrestres.</c>	1
飞行生物。能够利用弹射攻击同时伤害多个目标。<n/><n/><c val="ffff8a">可以对地和对空。</c>	Unidade aérea. Os disparos dela ricocheteiam para atingir vários alvos.<n/><n/><c val="ffff8a">Ataca unidades aéreas e terrestres.</c>	1
默认	Padrão	4
默认	Padrões	1
常规	Geral	1
常规	Normal	3
潜地冲锋 返回 D	Carga Subterrânea Rev D	1
潜地冲锋 返回 D	Carga entocada Rev D	1
菌毯喷溅	Espirrar Gosma	1
菌毯喷溅	Spray de Gosma	1
延伸桥梁 - 东北 - 高度 10 - 宽 - 缩回	ExtendingBridge - NE - Height 10 - Wide - Retract	1
延伸桥梁 - 东北 - 高度 10 - 宽 - 缩回	Extending Bridge - NE - Height 10 - Wide - Retracted	1
延伸桥梁 - 东北 - 高度 10 - 宽 - 伸展	ExtendingBridge - NE - Height 10 - Wide - Extend	1
延伸桥梁 - 东北 - 高度 10 - 宽 - 伸展	Extending Bridge - NE - Height 10 - Wide - Extended	1
延伸桥梁 - 东北 - 高度 12 - 宽 - 缩回	ExtendingBridge - NE - Height 12 - Wide - Retract	1
延伸桥梁 - 东北 - 高度 12 - 宽 - 缩回	Extending Bridge - NE - Height 12 - Wide - Retracted	1
延伸桥梁 - 东北 - 高度 12 - 宽 - 伸展	ExtendingBridge - NE - Height 12 - Wide - Extend	1
延伸桥梁 - 东北 - 高度 12 - 宽 - 伸展	Extending Bridge - NE - Height 12 - Wide - Extended	1
延伸桥梁 - 东北 - 高度 8 - 宽 - 缩回	ExtendingBridge - NE - Height 8 - Wide - Retract	1
延伸桥梁 - 东北 - 高度 8 - 宽 - 缩回	Extending Bridge - NE - Height 8 - Wide - Retracted	1
延伸桥梁 - 东北 - 高度 8 - 宽 - 伸展	ExtendingBridge - NE - Height 8 - Wide - Extend	1
延伸桥梁 - 东北 - 高度 8 - 宽 - 伸展	Extending Bridge - NE - Height 8 - Wide - Extended	1
延伸桥梁 - 西北 - 高度 10 - 宽 - 缩回	ExtendingBridge - NW - Height 10 - Wide - Retract	1
延伸桥梁 - 西北 - 高度 10 - 宽 - 缩回	Extending Bridge - NW - Height 10 - Wide - Retracted	1
延伸桥梁 - 西北 - 高度 10 - 宽 - 伸展	ExtendingBridge - NW - Height 10 - Wide - Extend	1
延伸桥梁 - 西北 - 高度 10 - 宽 - 伸展	Extending Bridge - NW - Height 10 - Wide - Extended	1
延伸桥梁 - 西北 - 高度 12 - 宽 - 缩回	ExtendingBridge - NW - Height 12 - Wide - Retract	1
延伸桥梁 - 西北 - 高度 12 - 宽 - 缩回	Extending Bridge - NW - Height 12 - Wide - Retracted	1
延伸桥梁 - 西北 - 高度 12 - 宽 - 伸展	ExtendingBridge - NW - Height 12 - Wide - Extend	1
延伸桥梁 - 西北 - 高度 12 - 宽 - 伸展	Extending Bridge - NW - Height 12 - Wide - Extended	1
延伸桥梁 - 西北 - 高度 8 - 宽 - 缩回	ExtendingBridge - NW - Height 8 - Wide - Retract	1
延伸桥梁 - 西北 - 高度 8 - 宽 - 缩回	Extending Bridge - NW - Height 8 - Wide - Retracted	1
延伸桥梁 - 西北 - 高度 8 - 宽 - 伸展	ExtendingBridge - NW - Height 8 - Wide - Extend	1
延伸桥梁 - 西北 - 高度 8 - 宽 - 伸展	Extending Bridge - NW - Height 8 - Wide - Extended	1
虫后飞行	Voo da Rainha	2
虫后飞行	Rainha Voando	1
狙杀DoT	Tiro de Precisão (duração)	1
狙杀DoT	Tiro de precisão Fazer	1
龙卷风导弹	Míssil Tornado	1
龙卷风导弹	Tornado Míssil	1
萨尔纳加圣殿	Santuário Cura Xel Naga	2
萨尔纳加圣殿	Santuário de Cura Xel'Naga	1
停止	parar	1
停止	Parar	2
停止	PARAR	1
延伸桥梁 向东北伸展桥梁 宽度10 结束	Extend Bridge Extending Bridge NE Wide 10 Out	1
延伸桥梁 向东北伸展桥梁 宽度10 结束	Extend Bridge Extending Bridge NW Wide 10 Out	1
延伸桥梁 向东北伸展桥梁 宽度12 结束	Extend Bridge Extending Bridge NE Wide 12 Out	1
延伸桥梁 向东北伸展桥梁 宽度12 结束	Extend Bridge Extending Bridge NW Wide 12 Out	1
延伸桥梁 向东北伸展桥梁 宽度8 结束	Extend Bridge Extending Bridge NE Wide 8 Out	1
延伸桥梁 向东北伸展桥梁 宽度8 结束	Extend Bridge Extending Bridge NW Wide 8 Out	1
隐藏	Oculto	3
隐藏	Ocultar	2
奥丁矩阵 虚拟	Odin Matrix Dummy	1
奥丁矩阵 虚拟	Matriz de Odin	1
移除	Expulsar	1
移除	Remover	2
移除	Chutar	1
信徒	Neófito	1
信徒	Discípulo	1
电脑	I.A.	1
电脑	Computador	1
伪装成持有护盾的陆战队员	Disfarçar de Soldado com escudo	1
伪装成持有护盾的陆战队员	Disfarçar de Soldado com Escudo	1
伪装成没有护盾的陆战队员	Disfarçar de Soldado sem escudo	1
伪装成没有护盾的陆战队员	Disfarçar de Soldado sem Escudo	1
伪装成长有双翼的跳虫	Disfarçar como Zergnídeo com asas	1
伪装成长有双翼的跳虫	Disfarçar de Zergnídeo com Asas	1
伪装成没有双翼的跳虫	Disfarçar como Zergnídeo sem asas	1
伪装成没有双翼的跳虫	Disfarçar de Zergnídeo sem Asas	1
力场	Campo de força	3
力场	Campo de Força	1
守护者之盾	Escudo guardião	3
守护者之盾	Escudo Guardião	3
被感染的人类产卵	Terranos infestados - Botar ovos	1
被感染的人类产卵	Terranos Infestados - Botar Ovos	1
能量吸噬	Drenagem	4
能量吸噬	Sugar	6
制造	Construir	1
制造	Treinar	1
瓦解建筑	Sapar estrutura	1
瓦解建筑	Atacar estrutura	1
虫洞传送	Trânsito protônico	1
虫洞传送	Trânsito Protônico	1
移动	mover	1
移动	Mover	2
移动	Deslocar-se	1
游戏大厅	Arcade	2
游戏大厅	ARCADE	1
教程一	Guia Um	1
教程一	GUIA UM	1
教程二	Guia Três	1
教程二	GUIA DOIS	1
教程三	Guia Dois	1
教程三	GUIA TRÊS	1
实力功勋	Façanhas de Força	1
实力功勋	FAÇANHAS DE FORÇA	1
竞技	Competitivo	1
竞技	COMPETITIVO	1
对战	Corpo a corpo	2
对战	CONTRA	1
自定义游戏	Jogo personalizado	1
自定义游戏	Personalizado	2
自定义游戏	Jogos personalizados	1
哔 — 哔 — 轰！	Bip, Bip, Boom!	1
哔 — 哔 — 轰！	Bipe, bipe, bum!	1
Combat_Mechanic_KillTransport	Combate_Mecânico_MatarTransporte	1
Combat_Mechanic_KillTransport	Combat_Mechanic_KillTransport	1
变异完成	Transformação concluída.	2
变异完成	Transmutação concluída.	1
孵化幼虫	Gerando Larva	1
孵化幼虫	Gerar Larvas	1
尖塔升级包	Depósito de Aprimoramentos do Pináculo	1
尖塔升级包	Aprimoramentos do Pináculo	1
舰队航标升级包	Aprimoramentos do Laboratório Avançado	2
舰队航标升级包	Pacote de Aprimoramentos do Laboratório Avançado	1
工程站升级包	Depósito de Aprimoramentos do Polo de Engenharia	2
工程站升级包	Aprimoramentos do Polo de Engenharia	1
隐秘行动	Operações Secretas	1
隐秘行动	OPERAÇÕES SECRETAS	1
隐秘行动	Agente Secreta	2
隐秘行动	Agente Secreto	1
标准	Padrão	2
标准	PADRÃO	1
虚空先驱	Arauto do Vazio	1
虚空先驱	Usuário Precoce	1
幻像	Alucinação	2
幻像	Alucinações	1
暂停	Parar	1
暂停	Pau	1
暂停	Em pausa	1
暂停	Pausar	2
定点防御激光	Laser de defesa pontual	2
定点防御激光	Laser de Defesa Pontual	6
建造建筑	Construir estrutura	1
建造建筑	Estruturas construídas	2
空中单位研发建筑。科技实验室可以同任何生产建筑相组合。<n/><n/><c val="ffff8a">开启：</c><n/>- 女妖<n/>- 铁鸦<n/>- 建造聚变芯体可开启战列巡航舰	Estrutura de pesquisa aeroespacial. O Laboratório técnico pode ser anexado a qualquer edificação de produção.<n/><n/><c val="ffff8a">Ativa:</c><n/>- Vudus<n/>- Corvos<n/>- Cruzadores de batalha com o Núcleo de fusão	1
空中单位研发建筑。科技实验室可以同任何生产建筑相组合。<n/><n/><c val="ffff8a">开启：</c><n/>- 女妖<n/>- 铁鸦<n/>- 建造聚变芯体可开启战列巡航舰	Estrutura de pesquisa aeroespacial. O Laboratório técnico pode ser anexado a qualquer estrutura de produção.<n/><n/><c val="ffff8a">Ativa:</c><n/>- Vudus<n/>- Corvos<n/>- Cruzadores de batalha com Núcleo de fusão	1
羊	Carneiro	3
羊	Ovelha	1
该物种的雌性个体比雄性个体要温顺许多。	As fêmeas desta espécie são bem diferentes dos machos, mais agressivos.	1
该物种的雌性个体比雄性个体要温顺许多。	As fêmeas desta espécie são bem diferentes dos machos que são mais agressivos.	1
重型突击步兵。<n/><n/><c val="#ColorAttackInfo">可以对地。</c>	Infantaria de ataque pesado.<n/><n/><c val="#ColorAttackInfo">Ataca unidades terrestres.</c>	1
重型突击步兵。<n/><n/><c val="#ColorAttackInfo">可以对地。</c>	Infantaria com artilharia pesada.<n/><n/><c val="#ColorAttackInfo">Ataca unidades terrestres.</c>	1
提高时空提速的速度加成。	Aumenta a velocidade ganha de Reforço Temporal.	4
提高时空提速的速度加成。	Aumenta a velocidade ganha do Reforço Temporal.	1
高级空中侦察单位。 能够维持王虫形态时所控制的单位上限。能够孵化拟态雏虫，并可以使用污染技能。<n/><n/><c val="FFE303">侦测单位</c>	Vigia aéreo avançado. Fornece o mesmo suprimento que um Suserano. Pode utilizar as habilidades Gerar Mutano e Contaminar.<n/><n/><c val="FFE303">Detector</c>	1
高级空中侦察单位。 能够维持王虫形态时所控制的单位上限。能够孵化拟态雏虫，并可以使用污染技能。<n/><n/><c val="FFE303">侦测单位</c>	Vigia aéreo avançado. Mantém o limite de unidades definido pelo Suserano. Pode utilizar as habilidades Gerar Mutano e Contaminar.<n/><n/><c val="FFE303">Detector</c>	1
命令选中的单位不再执行任何命令并停止移动。	Ordena que as unidades selecionadas cancelem todas as ordens anteriores e parem de se deslocar.	1
命令选中的单位不再执行任何命令并停止移动。	Ordena que as unidades selecionadas cancelem todas as ordens e parem de se deslocar.	1
将指挥中心升级为行星要塞，大大提升其护甲值并为其配备强大的防御炮塔。自体不可升空。<n/><n/><c val="ffff8a">可以对地。</c>	Aprimora a Central de comando para Fortaleza planetária, aumentando sua blindagem e armando-a com uma torre defensiva poderosa. Não pode decolar.<n/><n/><c val="ffff8a">Ataca unidades terrestres.</c>	1
将指挥中心升级为行星要塞，大大提升其护甲值并为其配备强大的防御炮塔。自体不可升空。<n/><n/><c val="ffff8a">可以对地。</c>	Aprimora a Central de comando para Fortaleza planetária, aumentando bastante sua blindagem e equipando-a com uma torre de artilharia defensiva poderosa. Não decola mais.<n/><n/><c val="ffff8a">Ataca unidades terrestres.</c>	1
强大的近战战士。可以使用冲锋技能。<n/><n/><c val="ffff8a">可以对地。</c>	Guerreiro de luta corpo a corpo poderoso. Pode usar Investida.<n/><n/><c val="ffff8a">Ataca unidades terrestres.</c>	1
强大的近战战士。可以使用冲锋技能。<n/><n/><c val="ffff8a">可以对地。</c>	Poderoso guerreiro corpo a corpo. Usa Investida.<n/><n/><c val="ffff8a">Ataca unidades terrestres.</c>	1
迅捷的肉搏型生物。可以变异为爆虫。<n/><n/><c val="FFFF8A">可以对地。</c>	Criatura rápida de luta corpo a corpo. Transmuta-se em Tatu-bomba.<n/><n/><c val="FFFF8A">Ataca unidades terrestres.</c>	1
迅捷的肉搏型生物。可以变异为爆虫。<n/><n/><c val="FFFF8A">可以对地。</c>	Criatura de combate corpo a corpo veloz. Transmuta-se em Tatu-bomba.<n/><n/><c val="FFFF8A">Ataca unidades terrestres.</c>	1
高	Alto	5
高	Altura	1
重试	Tentar novamente	1
重试	TENTAR NOVAMENTE	1
锻造	Forjado	77
锻造	Forjada	16
特战队	Forças Especiais	66
特战队	Força Especial	1
是	Sim	2
是	SIM	1
颜色	Cores	1
颜色	Cor	1
人类单位生产	Unidade de produção terrana	1
人类单位生产	Produção de unidade terrana	1
快捷键	Tecla de atalho	1
快捷键	TECLAS DE ATALHO	1
快捷键	Teclas de atalho	2
离子炮	Canhões de Íon	3
离子炮	Canhões de íon	2
粒子光束	Feixe de Partículas	1
粒子光束	Feixe de partículas	1
在星港的科技实验室中研发猎杀飞弹	Pesquisar míssil teleguiado no laboratório técnico do Estaleiro sideral	1
在星港的科技实验室中研发猎杀飞弹	Pesquisar Míssil teleguiado no Laboratório técnico do Estaleiro sideral	1
经典	Clássico	15
经典	Clássica	7
合作任务中等难度50	Comandante Cooperativo - Dificuldade Difícil 50	1
合作任务中等难度50	Comandante Cooperativo - Dificuldade Normal 50	1
合作任务中等难度500	Comandante Cooperativo - Dificuldade Difícil 500	1
合作任务中等难度500	Comandante Cooperativo - Dificuldade Normal 500	1
合作任务中等难度75	Comandante Cooperativo - Dificuldade Difícil 75	1
合作任务中等难度75	Comandante Cooperativo - Dificuldade Normal 75	1
2012 BWC	BWC 2012	5
2012 BWC	2012 BWC	1
腐化的星灵	Protoss Corrompido	2
腐化的星灵	Protoss corrompido	1
EZPZ	EZPZ	1
EZPZ	Molezinha	1
钱袋	Saco de Dinheiro	1
钱袋	Saco de dinheiro	1
食腐鸟	Urubu	2
食腐鸟	Pássaro carniceiro	1
虚空之遗	Legacy of the Void	2
虚空之遗	LEGACY OF THE VOID	1
经典刺蛇	Hidralisca Clássica	2
经典刺蛇	Hidraliscas Clássicas	1
尤摩扬	Umojano	28
尤摩扬	Umojana	4
神器	ARTEFATOS	1
神器	Artefatos	2
星战	Meca	1
星战	Mecha	1
部队规模	Tamanho do exército	1
部队规模	TAMANHO DO EXÉRCITO	1
建造顺序	Ordem de construção	1
建造顺序	ORDEM DE CONSTRUÇÃO	1
图表	Gráficos	1
图表	GRÁFICOS	1
建筑	Estruturas	2
建筑	Em construção	1
建筑	Estrutura	2
资源采集	COLETA DE RECURSOS	1
资源采集	Coleta de recursos	1
消灭的人口	Alimento criado Morto	1
消灭的人口	Alimento usado Morto	1
损失的人口	Alimento criado Perdido	1
损失的人口	Alimento usado Perdido	1
工人空闲时间	Tempo ocioso de trabalhador	1
工人空闲时间	Tempo de trabalhador ocioso	1
高能瓦斯平均储量	Média de minérios estocados	1
高能瓦斯平均储量	Média de vespeno estocado	1
单位生产用资源	Valor total de recursos de exército	1
单位生产用资源	Valor do exército	1
已完成	Concluído	1
已完成	Completo	1
消灭敌方单位	Unidades inimigas mortas	1
消灭敌方单位	Unidades abatidas	1
已采集的高能瓦斯	Vespeno coletado	1
已采集的高能瓦斯	Vespeno - Coletado	1
基础刺蛇巢	Covil de Hidralisca Básico	1
基础刺蛇巢	CovilHidraliscaBásico	1
基础虫道网络	Canal Nydus Básico	1
基础虫道网络	Rede Nydus Básica	1
《星际争霸II》	StarCraft II	5
《星际争霸II》	STARCRAFT II	1
机械化部队(经济)	PortalImortal (Econômico)	1
机械化部队(经济)	Mech (Econômico)	1
提速区域发生器	Geradores de Zona Aceleradora	1
提速区域发生器	Gerador de Zona Aceleradora	1
高产瓦斯气泉	Gêiseres de Gás Vespeno Ricos	1
高产瓦斯气泉	Fonte de gás vespeno rica	1
瓦斯气泉	Fontes de gás vespeno	1
瓦斯气泉	Fonte de gás vespeno	1
萨尔纳加瞭望塔	Torres Xel'Naga	1
萨尔纳加瞭望塔	Torre Xel'Naga	1
AI清除所有	Limpar tudo I.A.	1
AI清除所有	ApagarTudo I.A.	1
足球	Bola de futebol americano	2
足球	Bola de futebol	1
中国	China	2
中国	CHINA	1
欧洲	Europa	3
欧洲	EUROPA	1
东南亚	Sudeste da Ásia	1
东南亚	SUDESTE DA ÁSIA	1
挑战任务	Desafios	2
挑战任务	DESAFIO	1
挑战任务	Jogo de desafio	1
挑战任务	Desafio	2
挑战任务	DESAFIOS	1
探索	Exploração	1
探索	EXPLORAÇÃO	1
快速比赛	Partida Rápida	1
快速比赛	PARTIDA RÁPIDA	1
快速比赛	Partida rápida	3
战役	CAMPANHA	3
战役	Campanha	6
战役	Campanhas	1
动画	Animação	2
动画	Cinemática	1
动画	CINEMÁTICA	1
动画	Anim	1
音效	Som	2
音效	SOM	2
音效	Efeitos sonoros	1
队伍颜色	Cor da equipe	2
队伍颜色	CordaEquipe	1
淡入	Fade In	1
淡入	Aparecimento gradual	1
镜面光颜色倍数	Especular - Cor - Multiplicador	1
镜面光颜色倍数	Multiplicador de Cor - Especular	1
移动速度	Velocidade de Movimento	1
移动速度	Velocidade de deslocamento	1
时间	Tempo	4
时间	Idade	1
单位链接	Link de unidade	1
单位链接	VínculodeUnidade	1
变量	Variante	1
变量	Variável	2
变量	Variáveis	1
盟友	Aliado	1
盟友	Aliança	1
盟友	Aliados	1
敌人	Inimigo	1
敌人	Inimigos	1
极难	Muito difícil	2
极难	Muito Difícil	1
正在搜寻%queueName%	PROCURANDO %queueName%	1
正在搜寻%queueName%	Buscando %queueName%	1
观战者	Espectador	2
观战者	Espectadores	3
观战者	Observador	1
观战者	Vigia	1
录像	Replay	3
录像	Assistir	1
用户界面	UI	1
用户界面	Interface de usuário	1
回格键	Backspace	1
回格键	Bck	1
浏览器后退	Navegador voltar	1
浏览器后退	BBk	1
浏览器前进	Navegador avançar	1
浏览器前进	Fwd	1
大写锁定	Caps Lock	1
大写锁定	CL	1
清空	Limpar	2
清空	Remover	1
删除键	Delete	1
删除键	Del	1
方向键下	Baixo	1
方向键下	Dwn	1
起始键	Home	1
起始键	Hom	1
插入键	Insert	1
插入键	Ins	1
方向键左	Esquerda	1
方向键左	Lft	1
媒体键音量提高	Mídia - Canal para baixo	1
媒体键音量提高	MUp	1
媒体键音量降低	MDn	1
媒体键音量降低	Mídia - Canal para cima	1
媒体键快放	Mídia - Avançar	1
媒体键快放	MFF	1
媒体键下一曲	Mídia - Próxima faixa	1
媒体键下一曲	MNx	1
媒体键暂停	Mídia - Pausa	1
媒体键暂停	MPa	1
媒体键播放	Mídia - Reproduzir	1
媒体键播放	MPl	1
媒体键暂停播放	Mídia - Reproduzir/Pausar	1
媒体键暂停播放	MPP	1
媒体键上一曲	Mídia - Faixa anterior	1
媒体键上一曲	MPT	1
媒体键倒回	Mídia - Retroceder	1
媒体键倒回	MRR	1
媒体键停止	Mídia - Parar	1
媒体键停止	MSt	1
下页键	Page Down	1
下页键	PDn	1
上页键	Page Up	1
上页键	PUp	1
截屏键	Print Screen	1
截屏键	PSc	1
方向键右	Direita	1
方向键右	Rgt	1
滚动锁定键	Scroll Lock	1
滚动锁定键	SL	1
空格键	Espaço	1
空格键	Spc	1
<c val="ff0000">数量不能超过	<c val="ff0000">Não pode ter mais de	1
<c val="ff0000">数量不能超过	<c val="ff0000">Não é possível ter mais que	1
，	,<sp/>	1
，	,	3
间隔呼叫	Chamada interna	1
间隔呼叫	Chamadas Internas	1
线程	Linha de execução	1
线程	Linhas de execução	1
触发器	Ativador	1
触发器	Ativadores	1
正在等待	Aguardando por	1
正在等待	Aguardando	1
本地	Locais	2
本地	Local	1
专化	Especializar	1
专化	Especializando	1
1分钟	1 minuto	1
1分钟	1min	1
活动	Atividade	1
活动	Ativo	1
活动	EVENTOS	2
消灭	Mortes	1
消灭	Mortos	2
消灭	Abates	1
生命值	Vida	2
生命值	Vitalidade	1
生命值	Pontos de Vida	1
最大生命值	Vida máx	1
最大生命值	Vitalidade máx	1
生命值%	Vida %	1
生命值%	Vitalidade %	1
冷却时间：%1秒	Recarga: %1 segundo	1
冷却时间：%1秒	Recarga: %1 segundos	1
接受	Aceitar	2
接受	ACEITAR	1
添加好友	Adicionar Amigo	3
添加好友	ADICIONAR AMIGO	1
添加好友	Adicionar amigo	1
护甲：	Blindagem:	1
护甲：	Armadura:<sp/>	1
重甲	Blindado	3
重甲	Com armadura	1
战队	Clã	2
战队	Clãs	2
房间	Lobby	1
房间	Lobbies	1
队伍	Grupo	2
队伍	Equipes	1
队伍	Equipe	2
邀请加入战队	Convidar para o clã	1
邀请加入战队	Convidar para o Clã	1
添加电脑	Adicionar I.A.	1
添加电脑	Adicionar Computador	1
添加电脑	Preencher com I.A.	1
邀请	Convidar	3
邀请	CONVIDAR	1
离开游戏	Sair do Jogo	1
离开游戏	Sair do jogo	1
只有房主才能开始游戏	Só o host pode iniciar a partida	1
只有房主才能开始游戏	Somente o host pode iniciar o jogo	1
电脑（%difficulty%）	I.A. (%difficulty%)	1
电脑（%difficulty%）	Computador (%difficulty%)	1
空的栏位	Posição vazia	1
空的栏位	Espaço vazio	1
敌方队伍	Equipe inimiga	2
敌方队伍	Equipe Inimiga	1
暴雪游戏	Blizzard	1
暴雪游戏	BLIZZARD	1
合作任务	Missões Cooperativas	2
合作任务	COOPERAÇÃO	1
单人游戏	Jogo Individual	1
单人游戏	Individual	2
设置好友备注	Definir nota de amigo	1
设置好友备注	NOTA DE AMIGO	1
邀请加入	Convidar para o Grupo	2
邀请加入	Convidar	1
移除好友	Remover Amigo	1
移除好友	REMOVER AMIGO	1
举报玩家	Denunciar Jogador	1
举报玩家	DENUNCIAR JOGADOR	1
请求加入队伍	Solicitar entrada no grupo	1
请求加入队伍	Solicitar Entrada	1
密语	Sussurrar	1
密语	Sussurros	1
ADDITIONAL DEVELOPMENT	DESENVOLVIMENTO EXTRA	3
ADDITIONAL DEVELOPMENT	DESENVOLVIMENTO ADICIONAL	1
STORY & FRANCHISE DEVELOPMENT	HISTÓRIA E DESENVOLVIMENTO DE FRANQUIA	2
STORY & FRANCHISE DEVELOPMENT	DESENVOLVIMENTO DE HISTÓRIA E FRANQUIA	2
INTERNATIONAL PUBLISHING & OPERATIONS MANAGEMENT	GERÊNCIA DE PUBLICAÇÕES E OPERAÇÕES INTERNACIONAIS	3
INTERNATIONAL PUBLISHING & OPERATIONS MANAGEMENT	GERÊNCIA DE PUBLICAÇÃO E OPERAÇÕES INTERNACIONAIS	1
ESPORTS	ESPORTS	2
ESPORTS	E-SPORTS	1
ESPORTS	eSPORTS	1
ESPORTS	ESPORTES	1
WEB & MOBILE	WEB E CELULAR	2
WEB & MOBILE	WEB E DISPOSITIVOS MÓVEIS	3
INFORMATION TECHNOLOGY	TECNOLOGIA DA INFORMAÇÃO	5
INFORMATION TECHNOLOGY	TECNOLOGIA DE INFORMAÇÃO	1
Story Artists	Artistas de História	1
Story Artists	Artistas de Ficção	2
Lead User Interface Artist	Artista-chefe de Interface de Usuário	1
Lead User Interface Artist	Artista de Interface de Usuário Líder	2
Lead Technical Artist	Artista-chefe Técnico	2
Lead Technical Artist	Artista Técnico Líder	2
Story Directors	Diretores de História	1
Story Directors	Diretores de Ficção	2
Game Design Lead	Designer-chefe de Jogo	2
Game Design Lead	Líder de Design do Jogo	2
Lead Online Platform Engineer	Engenheiro-chefe de Plataforma Online	1
Lead Online Platform Engineer	Engenheiro de Plataforma Online Líder	2
Lead Mac Engineer	Engenheiro-chefe de Mac	1
Lead Mac Engineer	Engenheiro de Mac Líder	2
Lead Tools Engineer	Engenheiro-chefe de Ferramentas	1
Lead Tools Engineer	Engenheiro de Ferramentas Líder	2
Lead Automation Engineers	Engenheiros-chefe de Automação	1
Lead Automation Engineers	Engenheiros de Automação Líderes	2
Lead Multiplayer Designer	Designer-chefe de Multijogador	1
Lead Multiplayer Designer	Designer de Multijogador Líder	2
Senior Vice President, Story & Franchise Development Operations	Vice-presidente Sênior, Operações de Desenvolvimento de História e Franquia	1
Senior Vice President, Story & Franchise Development Operations	Vice-Presidente Sênior, Operações de Desenvolvimento de Franquia e Ficção	2
Consumer Products Team	Equipe de Produtos de Consumo	2
Consumer Products Team	Equipe de Produtos ao Consumidor	2
Director, Video & Post Production	Diretor, Vídeo e Pós-produção	2
Director, Video & Post Production	Diretor, Produção de Vídeo e Pós-Produção	2
Vice President, Global Consumer Products	Vice-presidente, Produtos de Consumo Global	2
Vice President, Global Consumer Products	Vice-Presidente, Produtos ao Consumidor Globais	2
Director of Production, Blizzard Animation & Creative Development	Diretor de Produção, Desenvolvimento Criativo e Animação da Blizzard	1
Director of Production, Blizzard Animation & Creative Development	Diretor de Produção, Desenvolvimento Criativo e de Animação da Blizzard	2
Blizzard Animation, Leadership	Animação da Blizzard, Liderança	2
Blizzard Animation, Leadership	Blizzard Animação, Liderança	1
Blizzard Animation, Artists	Animação da Blizzard, Artistas	2
Blizzard Animation, Artists	Blizzard Animação, Artistas	1
Blizzard Animation, Technology	Animação da Blizzard, Tecnologia	2
Blizzard Animation, Technology	Blizzard Animação, Tecnologia	1
Consumer Products, Leadership	Produtos de Consumo, Liderança	2
Consumer Products, Leadership	Produtos ao Consumidor, Liderança	1
Blizzard Animation, Production	Animação da Blizzard, Produção	2
Blizzard Animation, Production	Blizzard Animação, Produção	1
Additional Artists, Technology, and Production	Artistas, Tecnologia e Produção Extras	1
Additional Artists, Technology, and Production	Artistas, Tecnologia e Produção Adicionais	1
Video & Post Production, Filming & Capture	Vídeo e Pós-produção, Filmagem e Captura	2
Video & Post Production, Filming & Capture	Vídeo e Pós-Produção, Filmagem e Captura	2
Video & Post Production, Editorial	Vídeo e Pós-produção, Editorial	2
Video & Post Production, Editorial	Vídeo e Pós-Produção, Editorial	2
Senior Vice President, Story & Franchise Development	Vice-Presidente Sênior, Desenvolvimento de História e Franquia	1
Senior Vice President, Story & Franchise Development	Vice-presidente Sênior de Desenvolvimento de História e Franquia	1
Senior Vice President, Global Customer Service & Service Technologies	Vice-presidente Sênior, Suporte Global de Atendimento ao Cliente e Tecnologias de Serviço	2
Senior Vice President, Global Customer Service & Service Technologies	Vice-Presidente Sênior, Suporte Global de Atendimento ao Cliente e Tecnologias de Serviço	2
Senior Director, Customer Service Americas	Diretor Sênior, Atendimento ao Cliente - Américas	2
Senior Director, Customer Service Americas	Diretor Sênior, Atendimento ao Cliente - América	2
Senior Manager Regional Planning and Support Services, Customer Service Americas	Gerente Sênior de Planejamento Regional e Serviços de Suporte, Atendimento ao Cliente - Américas	1
Senior Manager Regional Planning and Support Services, Customer Service Americas	Gerente Sênior de Planejamento Regional e Serviços de Suporte, Atendimento ao Cliente - América	1
Senior Manager Regional Planning and Support Services, Customer Service Americas	Gerente Sênior de Planejamento Regional e Serviços de Suporte, Suporte ao Cliente - Américas	1
Senior Manager Regional Planning and Support Services, Customer Service Americas	Gerente Sênior de Planejamento Regional e Serviços de Suporte, Suporte ao Cliente - América	1
Regional Planning and Support Services Management, Customer Service Americas	Gerência de Planejamento Regional e Serviços de Suporte, Atendimento ao Cliente - Américas	1
Regional Planning and Support Services Management, Customer Service Americas	Gestão de Planejamento Regional e Serviços de Suporte, Atendimento ao Cliente - América	1
Regional Planning and Support Services Management, Customer Service Americas	Planejamento Regional e Gerência de Serviços de Suporte, Suporte ao Cliente - Américas	1
Regional Planning and Support Services Management, Customer Service Americas	Planejamento Regional e Gerência de Serviços de Suporte, Suporte ao Cliente - América	1
Regional Planning and Support Services Team, Customer Support Americas	Equipe de Planejamento Regional e Serviços de Suporte, Atendimento ao Cliente - Américas	1
Regional Planning and Support Services Team, Customer Support Americas	Equipe de Planejamento Regional e Serviços de Suporte, Atendimento ao Cliente - América	1
Regional Planning and Support Services Team, Customer Support Americas	Planejamento Regional e Equipe de Serviços de Suporte, Suporte ao Cliente - Américas	1
Regional Planning and Support Services Team, Customer Support Americas	Equipe Regional de Planejamento e Serviços de Suporte, Suporte ao Cliente - América	1
Customer Service Manager, Customer Support Taiwan	Gerente de Atendimento ao Cliente, Atendimento ao Cliente - Taiwan	1
Customer Service Manager, Customer Support Taiwan	Gerente de Serviço ao Cliente, Suporte ao Cliente - Taiwan	2
Director, Global Customer Service Operations	Diretor, Operações Globais de Atendimento ao Cliente	2
Director, Global Customer Service Operations	Diretor, Operações de Atendimento Global ao Cliente	2
Global Customer Service Operations Team	Equipe de Operações Globais de Atendimento ao Cliente	2
Global Customer Service Operations Team	Equipe de Operações de Atendimento Global ao Cliente	2
Vice President, Global Finance	Vice-presidente, Finanças Globais	1
Vice President, Global Finance	Vice-Presidente, Finanças Globais	2
Finance Directors	Diretores de Finanças	2
Finance Directors	Diretor de Finanças	2
Vice President, Human Resources	Vice-presidente, Recursos Humanos	1
Vice President, Human Resources	Vice-Presidente, Recursos Humanos	2
Senior Human Resources Director, Product Development	Diretor Sênior de Recursos Humanos, Desenvolvimento de Produto	2
Senior Human Resources Director, Product Development	Diretor Sênior de Recursos Humanos,  Desenvolvimento de Produto	1
Vice President & General Counsel	Vice-presidente e Conselheiro Geral	1
Vice President & General Counsel	Vice-Presidente e Conselheiro Geral	2
Vice President, Global Quality Assurance & Localization	Vice-presidente, Localização e Controle de Qualidade Global	2
Vice President, Global Quality Assurance & Localization	Vice-Presidente, Localização e Controle de Qualidade Global	2
Vice President, Global Business Development & Corporate Alliances	Vice-Presidente, Desenvolvimento Comercial Global e Alianças Corporativas	1
Vice President, Global Business Development & Corporate Alliances	Vice-Presidente, Desenvolvimento Global de Negócios e Alianças Corporativas	2
Managing Director, Latin America	Diretor de Gerência, América Latina	1
Managing Director, Latin America	Diretor Geral, América Latina	2
Managing Director, Australia and New Zealand	Diretor de Gerência, Austrália e Nova Zelândia	1
Managing Director, Australia and New Zealand	Diretor Geral, Austrália e Nova Zelândia	2
Director of Operations, South East Asia	Diretor de Operações, Sudeste Asiático	2
Director of Operations, South East Asia	Diretor de Operações, Sudeste da Ásia	1
Managing Director, Taiwan	Diretor de Gerência, Taiwan	1
Managing Director, Taiwan	Diretor Geral, Taiwan	2
Vice President & Managing Director, China	Vice-presidente e Diretor Geral, China	1
Vice President & Managing Director, China	Vice-Presidente e Diretor Geral, China	2
Vice President & Managing Director, Asia	Vice-presidente e Diretor Geral, Ásia	1
Vice President & Managing Director, Asia	Vice-Presidente e Diretor Geral, Ásia	2
Vice President & Managing Director, Europe	Vice-presidente e Diretor Geral, Europa	1
Vice President & Managing Director, Europe	Vice-Presidente e Diretor Geral, Europa	2
Chief Development Officer	Diretor Executivo de Desenvolvimento	1
Chief Development Officer	Diretor de Desenvolvimento	3
Executive Vice President of Corporate Operations	Vice-presidente Executivo de Operações Corporativas	1
Executive Vice President of Corporate Operations	Vice-Presidente Executivo de Operações Corporativas	2
Web & Mobile Team Leadership	Liderança da Equipe de Web e Dispositivos Móveis	2
Web & Mobile Team Leadership	Liderança de Equipe Web e Celular	1
Director of Web & Mobile	Diretor de Web e Dispositivos Móveis	1
Director of Web & Mobile	Diretor de Web e Celular	2
Web & Mobile Group Managers	Gerentes do Grupo de Web e Dispositivos Móveis	2
Web & Mobile Group Managers	Gerentes de Grupo Web e Celular	1
Web & Mobile Administrative Support	Suporte Administrativo de Web e Dispositivos Móveis	1
Web & Mobile Administrative Support	Suporte Administrativo Web e Celular	1
Vice President of Technology, Strategy, & Planning	Vice-presidente de Tecnologia, Estratégia e Planejamento	1
Vice President of Technology, Strategy, & Planning	Vice-Presidente de Tecnologia, Estratégia e Planejamento	2
Senior Vice President, Global Technology Operations	Vice-presidente Sênior, Operações Globais de Tecnologia	2
Senior Vice President, Global Technology Operations	Vice-Presidente Sênior, Operações Globais de Tecnologia	3
Director, Service Engineering	Diretor, Engenharia de Serviço	1
Director, Service Engineering	Diretor, Engenharia de Serviços	2
Director, Service Intelligence	Diretor, Inteligência de Serviço	2
Director, Service Intelligence	Diretor, Inteligência de Serviços	2
Lead Game Systems Engineer	Engenheiro-chefe de Sistemas de Jogo	1
Lead Game Systems Engineer	Engenheiro de Sistemas de Jogo Líder	2
Voice Over Producer	Produtor de Dublagem	1
Voice Over Producer	Produtores de Dublagem	2
Lead Composer	Compositor-chefe	1
Lead Composer	Compositor Líder	2
Casting & Voice Director	Diretor de Elenco e Dublagem	1
Casting & Voice Director	Diretor de Dublagem e Elenco	2
Learning and Development Manager, Customer Service Americas	Gerente de Desenvolvimento e Aprendizagem, Atendimento ao Cliente - Américas	1
Learning and Development Manager, Customer Service Americas	Gerente de Desenvolvimento e Aprendizagem, Atendimento ao Cliente - América	1
Customer Support Americas	Suporte ao Cliente - Américas	1
Customer Support Americas	Suporte ao Cliente - América	1
Group Management, Customer Support Americas	Gerência de Grupo, Suporte ao Cliente - Américas	1
Group Management, Customer Support Americas	Gerência de Grupo, Suporte ao Cliente - América	1
Learning and Development Team, Customer Support Americas	Equipe de Desenvolvimento e Aprendizagem, Suporte ao Cliente - Américas	1
Learning and Development Team, Customer Support Americas	Equipe de Desenvolvimento e Aprendizagem, Suporte ao Cliente - América	1
Regional Planning and Support Services Team, Customer Support Europe	Equipe de Serviços de Suporte e Planejamento Regional, Suporte ao Cliente - Europa	1
Regional Planning and Support Services Team, Customer Support Europe	Equipe Regional de Planejamento e Serviços de Suporte, Suporte ao Cliente - Europa	1
Regional Planning and Support Services Team, Customer Support Korea	Equipe de Serviços de Suporte e Planejamento Regional, Suporte ao Cliente - Coreia	1
Regional Planning and Support Services Team, Customer Support Korea	Equipe Regional de Planejamento e Serviços de Suporte, Suporte ao Cliente - Coreia	1
特别感谢	AGRADECIMENTOS ESPECIAIS	3
特别感谢	AGRADECIMENTOS ESPECIAIS PARA:	1
继续	CONTINUAR	1
继续	Continuar	1
继续	Cont.	1
教学模式	TUTORIAIS	1
教学模式	Tutoriais	3
教学模式	Tutorial	1
取消(<h/>C)	<h/>CANCELAR	1
取消(<h/>C)	<h/>Cancelar	2
色盲模式	Modo daltônico	1
色盲模式	Modo para daltônicos	1
创建战队	Criar um Clã	1
创建战队	Criar Clã	1
创建	Criar	1
创建	CRIAR	2
讨论组	Grupos	2
讨论组	Grupo	1
保存	SALVAR	2
保存	Salvar	2
用户及技术服务经理	GERENTES DE SERVIÇOS TÉCNICOS E DE CONTA	1
用户及技术服务经理	GERENTE DE SERVIÇOS TÉCNICOS E DE CONTA	1
其他音乐制作人员	MÚSICA ADICIONAL POR	1
其他音乐制作人员	MÚSICA ADICIONAL	1
行政助理	ASSISTENTE ADMINISTRATIVO	2
行政助理	ASSISTENTES ADMINISTRATIVOS	1
中音	ALTOS	1
中音	CONTRALTO	1
分析师	ANALISTAS	1
分析师	ANALISTA	1
美术	ARTE	1
美术	ARTISTA	1
设计师	ARTISTAS	1
设计师	DESIGNERS	2
首席设计师	LÍDERES DE ARTE	1
首席设计师	ARTISTA PRINCIPAL	1
首席设计师	DESIGNER LÍDER	1
首席设计师	DESIGNERS LÍDERES	1
助理经理	GERENTE ADJUNTO	2
助理经理	GERENTES ADJUNTOS	2
助理制作人	PRODUTOR ASSOCIADO	1
助理制作人	PRODUTORES ASSOCIADOS	1
Julianne Buescher	Fátima Noya	1
Julianne Buescher	Izabel Lyra	1
Anna Vocino	Gilmara Sanches	1
Anna Vocino	Fátima Noya	1
James Harper	Luiz Antonio	1
James Harper	Luiz Carlos Persy	1
商务拓展	DESENVOLVIMENTO COMERCIAL	1
商务拓展	DESENVOLVIMENTO DE NEGÓCIOS	1
商务拓展&授权	DESENVOLVIMENTO E LICENCIAMENTO DE NEGÓCIO	1
商务拓展&授权	DESENVOLVIMENTO E LICENCIAMENTO DE NEGÓCIOS	1
Dan Gilvezan	Dado Monteiro	1
Dan Gilvezan	Sílvio Giraldi	1
中国客户服务及运营	OPERAÇÕES E SERVIÇO AO CLIENTE DA CHINA	1
中国客户服务及运营	OPERAÇÕES E ATENDIMENTO AO CLIENTE DA CHINA	1
指挥	MESTRE DE CORO	2
指挥	CONDUZIDO POR	1
合唱表演	APRESENTAÇÃO DE CORAL POR	1
合唱表演	APRESENTAÇÃO DO CORO	1
单簧管	CLARINETA	1
单簧管	CLARINETAS	1
社区及电子竞技	COMUNIDADE E ESPORTES ELETRÔNICOS	1
社区及电子竞技	COMUNIDADE E E-SPORTS	1
客户服务项目团队分析师	ANALISTAS DE EQUIPE DE PROJETO CS	1
客户服务项目团队分析师	ANALISTAS DA EQUIPE DE PROJETOS DE SAC	1
客户服务工具团队代表	REPRESENTANTES DE EQUIPE DE CS TOOLS	1
客户服务工具团队代表	REPRESENTANTES DA EQUIPE DE FERRAMENTAS DE SAC	1
客户关怀及忠诚度经理	SERVIÇO AO CLIENTE E GERENTE DE FIDELIDADE	1
客户关怀及忠诚度经理	GERENTE DE FIDELIDADE E ATENDIMENTO AO CLIENTE	1
客户支持组经理	GERENTES DO GRUPO DE SUPORTE AO CLIENTE	2
客户支持组经理	GERENTE DO GRUPO DE SUPORTE AO CLIENTE	1
客户服务资深工作人员	SENIORES DE SUPORTE AO CLIENTE	1
客户服务资深工作人员	SÊNIORES DE SUPORTE AO CLIENTE	1
客户支持团队经理	GERENTES DA EQUIPE DE SUPORTE AO CLIENTE	1
客户支持团队经理	GERENTES DE EQUIPE DE SUPORTE AO CLIENTE	1
Blair Bess	Valter Santos	1
Blair Bess	Renato Márcio	2
部门主管	LÍDERES DE DEPARTAMENTO	1
部门主管	SUPERVISORES DE DEPARTAMENTO	2
副总法律顾问	CONSELHO GERAL DE REPRESENTANTE	1
副总法律顾问	CONSELHEIRO ADJUNTO GERAL	1
总监	DIRETOR	2
总监	DIRETORES	1
全球活动总监	DIRETOR, EVENTOS GLOBAIS	1
全球活动总监	DIRETOR DE EVENTOS GLOBAIS	1
编辑	EDITOR	2
编辑	EDITORES	2
编辑	Editar	1
工程师	ENGENHEIRO	1
工程师	ENGENHEIROS	1
欧洲地区客户支持	SUPORTE AO CLIENTE DA EUROPA	1
欧洲地区客户支持	SUPORTE AO CLIENTE - EUROPA	1
欧洲区域计划及支持服务团队	EQUIPE REGIONAL DE PLANEJAMENTO E SERVIÇOS DE SUPORTE DA EUROPA	1
欧洲区域计划及支持服务团队	EQUIPE REGIONAL DE PLANEJAMENTO E SERVIÇOS DE SUPORTE - EUROPA	1
执行助理	ASSISTENTES EXECUTIVOS	2
执行助理	ASSISTENTE ADMINISTRATIVO	1
Jonathan Cook	Fadulli	1
Jonathan Cook	Rubens Pimpim	1
Paul Eiding	Walter Cruz	1
Paul Eiding	Marco Aurélio	1
Paul Eiding	Duda Espinoza	1
长笛	FLAUTA	1
长笛	FLAUTAS	1
全球社区拓展	DESENVOLVIMENTO DE COMUNIDADE GLOBAL	1
全球社区拓展	DESENVOLVIMENTO DA COMUNIDADE GLOBAL	1
全球电子竞技	ESPORTES ELETRÔNICOS GLOBAIS	1
全球电子竞技	E-SPORTS GLOBAIS	1
Gary Anthony Williams	Renato Márcio	1
Gary Anthony Williams	Walter Cruz	1
Gary Anthony Williams	Reinaldo Simões	1
人力资源	RECURSOS HUMANOS	1
人力资源	RECURDOS HUMANOS	1
信息技术	TECNOLOGIA DA INFORMAÇÃO	1
信息技术	TECNOLOGIA DE INFORMAÇÃO	1
内部事务代表	REPRESENTANTES DE ASSUNTOS INTERNOS	2
内部事务代表	REPRESENTANTE DE ASSUNTOS INTERNOS	1
国际社区及电子竞技经理	GERENTES INTERNACIONAIS DE COMUNIDADE E ESPORTES ELETRÔNICOS	1
国际社区及电子竞技经理	COMUNIDADE INTERNACIONAL E GERENTES DE E-SPORTS	1
韩国区域计划及支持服务团队	EQUIPE REGIONAL DE PLANEJAMENTO E SERVIÇOS DE SUPORTE DA COREIA	1
韩国区域计划及支持服务团队	EQUIPE REGIONAL DE PLANEJAMENTO E SERVIÇOS DE SUPORTE - COREIA	1
首席制作人	PRODUTOR LÍDER	2
首席制作人	PRODUTORES LÍDERES	2
首席程序员	PROGRAMADOR LÍDER	2
首席程序员	PROGRAMADORES LÍDERES	2
首席网页设计师	WEB DESIGNER LÍDER	1
首席网页设计师	WEB DESIGNERS LÍDERES	1
首席文档工程师	AUTORES LÍDERES	1
首席文档工程师	ROTEIRISTA LÍDER	1
培训与拓展专员	ESPECIALISTA DE APRENDIZADO E DESENVOLVIMENTO	2
培训与拓展专员	ESPECIALISTAS DE APRENDIZADO E DESENVOLVIMENTO	2
本地化质量监控助理经理	GERENTES ADJUNTOS DE QUALIDADE DE LOCALIZAÇÃO	1
本地化质量监控助理经理	GERENTES ADJUNTOS DE GQ DE LOCALIZAÇÃO	1
本地化质量监控组长	LÍDERES DE LOCALIZAÇÃO DE QUALIDADE	1
本地化质量监控组长	LÍDERES DE GQ DE LOCALIZAÇÃO	1
本地化质量监控经理	GERENTE DE QUALIDADE DE LOCALIZAÇÃO	1
本地化质量监控经理	GERENTE DE GQ DE LOCALIZAÇÃO	1
麦金托什机程序开发	PROGRAMAÇÃO DE MACINTOSH	1
麦金托什机程序开发	PROGRAMAÇÃO PARA MACINTOSH	1
经理	GERENTE	1
经理	GERENTES	2
音乐	MÚSICA	2
音乐	Música	2
<s val="CreditsSmallHeading_Nova">游戏设计</s></n>暴雪娱乐	<s val="CreditsSmallHeading_Nova">DESIGN DO JOGO</s></n>BLIZZARD ENTERTAINMENT	1
<s val="CreditsSmallHeading_Nova">游戏设计</s></n>暴雪娱乐	<s val="CreditsSmallHeading_Nova">GAME DESIGN</s></n>BLIZZARD ENTERTAINMENT	1
平台服务	SERVIÇOS DE PLATAFORMA	1
平台服务	SERVIÇOS DE PLATAFORMAS	1
制作人	PRODUTOR	2
制作人	PRODUTORES	2
项目总监	DIRETOR DE PROJETO	2
项目总监	DIRETOR DE PROJETOS	1
项目制作人	PRODUTOR DE PROJETO	1
项目制作人	PRODUTOR DO PROJETO	1
质量监控	GARANTIA DE QUALIDADE	1
质量监控	ESTÚDIOS DE GRAVAÇÃO REGIONAIS	1
区域营销	MARKETING REGIONAL	1
区域营销	MERKETING REGIONAL	1
全球市场拓展高级总监	DIRETOR SÊNIOR, DESENVOLVIMENTO DE MERCADO GLOBAL	1
全球市场拓展高级总监	DIRETOR SÊNIOR - DESENVOLVIMENTO DE MARKETING GLOBAL	1
高级经理	GERENTE SÊNIOR	2
高级经理	GERENTES SENIORES	1
全球网络运维高级经理	GERENTE SÊNIOR, OPERAÇÕES DE REDE GLOBAIS	1
全球网络运维高级经理	GERENTE SÊNIOR - OPERAÇÕES DE REDE GLOBAIS	1
高级制作人	PRODUTOR SÊNIOR	2
高级制作人	PRODUTORES SENIORES	1
情节设计总监	DIRETOR DE FICÇÃO	1
情节设计总监	DIRETOR DE HISTÓRIA	1
开发反馈组成员	MEMBROS DA EQUIPE DE ATAQUE	1
开发反馈组成员	INTEGRANTES DA EQUIPE DE ATAQUE	1
支持信息代表	REPRESENTANTES DE INFORMAÇÕES DE SUPORTE	1
支持信息代表	REPRESENTANTES DE INFORMAÇÃO DE SUPORTE	1
支持信息资深工作人员	SÊNIOR DE INFORMAÇÕES DE SUPORTE	1
支持信息资深工作人员	SENIORES DE INFORMAÇÕES DE SUPORTE	1
支持信息团队经理	GERENTE DE EQUIPE DE INFORMAÇÕES DE SUPORTE	1
支持信息团队经理	GERENTE DA EQUIPE DE INFORMAÇÃO DE SUPORTE	1
团队组长	LÍDER DE EQUIPE	1
团队组长	LÍDERES DE EQUIPE	1
技术总监	DIRETOR TÉCNICO	2
技术总监	DIRETORES TÉCNICOS	1
技术文档工程师	ESCRITOR TÉCNICO	1
技术文档工程师	ROTEIRISTAS TÉCNICOS	1
小号	TROMPETE	1
小号	TROMPETES	1
副总裁&总顾问	VICE-PRESIDENTE E CONSULTOR JURÍDICO GERAL	1
副总裁&总顾问	VICE-PRESIDENTE E CONSELHEIRO GERAL	1
全球人力资源副总裁	VICE-PRESIDENTE DE RECURSOS HUMANOS GLOBAIS	1
全球人力资源副总裁	VICE-PRESIDENTE, RECURSOS HUMANOS GLOBAL	1
网页编辑	EDITORES DE REDE	1
网页编辑	EDITORES DA WEB	1
助理编辑	EDITOR ADJUNTO	1
助理编辑	EDITORES ADJUNTOS	1
助理编辑	EDITOR ASSOCIADO	1
Steve Blum	Alfredo Martins	1
Steve Blum	Sérgio Stern / Marcos Souza	1
全球营销执行副总裁	VP EXECUTIVO DE MARKETING GLOBAL	1
全球营销执行副总裁	VICE-PRESIDENTE EXECUTIVO - MARKETING GLOBAL	1
混音师	MIXADORES DE SONOPLASTIA	1
混音师	PRÉ-MASTER DE MIXAGEM FEITA POR	1
实习生	ESTAGIÁRIO	1
实习生	ESTAGIÁRIOS	1
韩国	COREIA	1
韩国	Coreia	2
培训专员	ESPECIALISTA DE APRENDIZADO	1
培训专员	ESPECIALISTAS DE APRENDIZADO	1
运营总监	DIRETOR DE OPERAÇÃO	1
运营总监	DIRETOR DE OPERAÇÕES	1
项目经理	GERENTE DE PROJETO	1
项目经理	GERENTES DE PROJETO	1
区域经理	GERENTE REGIONAL	1
区域经理	GERENTES REGIONAIS	1
主管	SUPERVISOR	1
主管	SUPERVISORES	1
支持信息管理员	ADMINISTRADOR DE INFORMAÇÃO DE SUPORTE	1
支持信息管理员	ADMINISTRADORES DE INFORMAÇÃO DE SUPORTE	1
台湾	TAIWAN	1
台湾	Taiwan	1
网站制作人	PRODUTOR DA WEB	1
网站制作人	PRODUTORES DA WEB	1
删除	APAGAR	1
删除	Excluir	2
删除	Apagar	1
删除	EXCLUIR	1
选择难度	SELECIONE A DIFICULDADE	1
选择难度	Selecione dificuldade	2
玩家	Jogador	2
玩家	Jogadores	1
持续时间：	Duração:	2
持续时间：	Duração:<sp/>	1
贴图	Pavimentação	1
贴图	Texturas	1
类型：	Tipo:	1
类型：	Tipo:<sp/>	1
版本：	Versão:	1
版本：	Versão:<sp/>	1
在文件夹中显示 - 最小化游戏窗口，并切换至当前选中的文件。	Mostrar no localizador - minimizará o jogo e navegará até o arquivo selecionado no momento.	1
在文件夹中显示 - 最小化游戏窗口，并切换至当前选中的文件。	Mostrar na pasta - minimizará o jogo e navegará até o arquivo selecionado no momento.	1
加载录像	CARREGAR REPLAY	1
加载录像	REPLAYS	1
保存录像	SALVAR REPLAY	1
保存录像	Salvar replay	2
选中单位	Selecionado	1
选中单位	Selecionadas	1
模拟战	Contra I.A.	2
模拟战	CONTRA I.A.	1
模拟战	CONTRA  I.A.	1
训练模式	Treinamento	2
训练模式	Treino	1
战败	Derrota	1
战败	DERROTA!	1
平局	Empate	1
平局	EMPATE!	1
<c val="ffffff">选择全部幼虫：</c><n/>开启该选项后，选中单只幼虫会自动选中同一个孵化场下的全部幼虫。	<c val="ffffff">Selecionar todas as larvas:</c><n/>Quando habilitada, selecionar uma larva fará com que você selecione todas as que provêm da mesma Incubadora.	1
<c val="ffffff">选择全部幼虫：</c><n/>开启该选项后，选中单只幼虫会自动选中同一个孵化场下的全部幼虫。	<c val="ffffff">Selecionar todas as larvas:</c><n/>Quando habilitada, selecionar uma larva fará com que você selecione todas as larvas da mesma Incubadora.	1
部分画面设置需要重启游戏后才能生效。现在就重启游戏吗？	Algumas de suas opções de jogabilidade exigem o reinício do jogo. Deseja reiniciar agora?	1
部分画面设置需要重启游戏后才能生效。现在就重启游戏吗？	Algumas de suas opções gráficas exigem o reinício do jogo. Deseja reiniciar agora?	1
地区	Regionais	1
地区	Região	2
欢迎	Bem-vindo	1
欢迎	BEM-VINDO	1
加入讨论组	ENTRAR EM UM GRUPO	1
加入讨论组	JUNTAR-SE A UM GRUPO	1
开始教学模式	INICIAR TUTORIAL	1
开始教学模式	JOGAR TUTORIAL	1
刺杀型	Assassinos	2
刺杀型	Assassino	1
专业型	Especialistas	2
专业型	Especialista	1
战斗型	Guerreiros	2
战斗型	Guerreiro	1
设定为观战者	Tornar Observador	1
设定为观战者	Definir como Espectador	1
坐骑	Montaria	1
坐骑	Montarias	3
选择坐骑	Selecione uma Montaria	1
选择坐骑	ESCOLHA UMA MONTARIA	1
皮肤	Visual	2
皮肤	Visuais	5
推荐	SUGERIR	2
推荐	Destaque	2
推荐	Sugerir	1
近战	Corpo a Corpo	1
近战	Corpo a corpo	1
远程	Longo Alcance	1
远程	Projétil	1
生命值：	Vitalidade:	1
生命值：	Vida:<sp/>	1
重放	Reiniciar	1
重放	Replay	1
录制视频	Gravar em vídeo	1
录制视频	Gravação	1
使用该选项前必须启用系统中的辅助功能。请勾选通用辅助系统设置（Universal Access System Preferences）面板中的“启用辅助设备访问”（Enable access for assistive devices）选项。您现在是否要打开系统设置面板？	Para usar-se essa opção a acessibilidade tem que estar habilitada. Por favor cheque a opção "Habilitar acesso a dispositivos de assistência" nas Preferências do sistema de Acesso universal. Gostaria de abrir as Preferências do sistema agora?	1
使用该选项前必须启用系统中的辅助功能。请勾选通用辅助系统设置（Universal Access System Preferences）面板中的“启用辅助设备访问”（Enable access for assistive devices）选项。您现在是否要打开系统设置面板？	Para usar essa opção, a acessibilidade precisa estar habilitada. Por favor, selecione a opção "Habilitar acesso a dispositivos de assistência" nas Preferências do sistema de Acesso universal. Gostaria de abrir as Preferências do sistema agora?	1
轻甲	Luz	1
轻甲	Leve	2
正在加载	Carregando	2
正在加载	CARREGANDO	1
显示警告信息	Mostrar mensagens de aviso	1
显示警告信息	Exibir alertas	1
超大型	Épico	1
超大型	Mega	1
登录	Conectar	1
登录	Conectar-se	1
选项	Opções	3
选项	OPÇÕES	2
已雇佣	CONTRATADO	1
已雇佣	Contratado	1
消息记录	Registro de mensagens	1
消息记录	REGISTRO DE MENSAGENS	1
任务：	Missão:	1
任务：	MISSÃO:	1
移动速度：	Velocidade de deslocamento:	1
移动速度：	Velocidade de deslocamento:<sp/>	1
加载完成	Concluído	1
加载完成	Completado	1
暂时跳过	PULAR POR ENQUANTO	1
暂时跳过	PULAR AGORA	1
视野	VISÃO	1
视野	Visão	1
确定	OK	3
确定	Ok	1
正在游戏	No jogo	1
正在游戏	No Jogo	1
奖励目标：	OBJETIVO BÔNUS:	1
奖励目标：	Objetivo bônus:	1
任务目标：	OBJETIVO DA MISSÃO:	1
任务目标：	Objetivo da missão:	1
奖励：	RECOMPENSA:	2
奖励：	Recompensa:	2
获取控制	ASSUMIR O COMANDO	1
获取控制	Assumir o comando	1
支付	PAGAR AGORA	1
支付	Pagamento	1
警告！	ALERTA!	1
警告！	AVISO!	1
英雄收藏	Coleção de heróis	1
英雄收藏	Coleção de Heróis	1
搜索英雄	Procurar na coleção	1
搜索英雄	Pesquisar Heróis	1
购买	Comprar	1
购买	COMPRAR	1
播报员	Narrador	2
播报员	Narradores	1
正在重新连接游戏，请稍候。	Aguarde enquanto reconectamos você ao jogo.	1
正在重新连接游戏，请稍候。	Aguarde enquanto tentamos reconectar você ao jogo.	1
观看录像	Replay	1
观看录像	Visualizar replay	1
关于	Sobre	3
关于	SOBRE	1
动态礼包	Pacote Dinâmico	1
动态礼包	Conjunto de Pacotes Dinâmico	1
商城暂时不可用，请稍后再试。	A loja não está disponível no momento. Tente novamente mais tarde.	1
商城暂时不可用，请稍后再试。	A loja está temporariamente indisponível. Tente de novo mais tarde.	1
试用	Testar	2
试用	EXPERIMENTAR	1
首页	Página inicial	1
首页	INÍCIO	1
离开	Sair	1
离开	Ausente	1
离开	Afastado	1
强化	Nitros	1
强化	ENERGIZADO	1
%val%秒	%val% segundo	1
%val%秒	%val% segundos	1
%val%秒	%val% <lang rule="plural" val="%val%">segundo,segundos</lang>	1
%val%秒	%val%sec	1
忙碌	ocupado	1
忙碌	Ocupado	2
语音	Vozes	1
语音	Voz	1
消耗	Gastar	1
消耗	Gastos	1
3D立体影像	3D Estereoscópico	1
3D立体影像	3D estereoscópico	1
紫色	Roxo	1
紫色	Violeta	1
%val%天	%val% <lang rule="plural" val="%val%">dia,dias</lang>	1
%val%天	%val%d	1
%val%小时	%val% <lang rule="plural" val="%val%">hora,horas</lang>	1
%val%小时	%val%h	1
%val%分钟	%val% <lang rule="plural" val="%val%">minuto,minutos</lang>	1
%val%分钟	%val%min	1
%val%周	%val% <lang rule="plural" val="%val%">semana,semanas</lang>	1
%val%周	%val% wk.	1
%val%年	%val% <lang rule="plural" val="%val%">ano,anos</lang>	1
%val%年	%val% yr.	1
武器速度：	Velocidade de armamento:	1
武器速度：	Velocidade de armamento:<sp/>	1
必须放置在菌毯上	É necessário instalar sobre a gosma	1
必须放置在菌毯上	É necessário posicionar sobre a gosma	1
等级：	Nível:<sp/>	1
等级：	Classificação:<sp/>	1
[观战者]	[Observadores]	1
[观战者]	[Espectadores]	1
