时空提速能量消耗	超時空加速能量消耗	1
时空提速能量消耗	Chrono Boost Energy Cost	1
黑暗圣堂武士闪现	黑暗聖堂武士 - 暗影步法	1
黑暗圣堂武士闪现	Dark Templar Blink	1
星灵枢纽护盾充能	星核護盾充能	1
星灵枢纽护盾充能	Nexus Shield Recharge	1
修理	修復	3
修理	Repair	2
时空提速	超時空加速	3
时空提速	Chrono Boost	2
哺液	輸血	2
哺液	Transfusion	1
恢复	復原	1
恢复	還原	1
机动突击型载具。可以使用锁定技能在移动状态下快速开火。<n/><n/><c val="#ColorAttackInfo">可以对地。</c>	機動突擊載具。可以使用鎖定目標技能，在移動狀態下快速攻擊目標。<n/><n/><c val="#ColorAttackInfo">可攻擊地面單位。</c>	1
机动突击型载具。可以使用锁定技能在移动状态下快速开火。<n/><n/><c val="#ColorAttackInfo">可以对地。</c>	機動突擊載具。可以使用鎖定目標技能，在移動狀態下快速攻擊目標。<n/><n/><c val="#ColorAttackInfo">可攻擊地面及空中單位。</c>	1
拦截机	Interceptors	2
拦截机	攔截機	2
人类战车和舰船钢板等级2	人類載具和船艦的合金板等級2	1
人类战车和舰船钢板等级2	人類載具與船艦的合金板等級2	1
瓦解射线	Disruption Beam	2
瓦解射线	干擾光束	1
棱镜光束	稜鏡光束	2
棱镜光束	Prismatic Beam	15
猎杀飞弹	導引飛彈	3
猎杀飞弹	獵殺導引飛彈	1
群体召回	群體召喚	2
群体召回	Mass Recall	5
让虫群宿主孵化的蝗虫可以飞行。飞行蝗虫可以使用俯冲降落至地面进行攻击。	讓百生獸孵化出來的蝗蟲具備飛行能力。飛行蝗蟲可以使用俯衝降落地面展開攻擊。	1
让虫群宿主孵化的蝗虫可以飞行。飞行蝗虫可以使用俯冲降落至地面进行攻击。	百生獸孵化出來的蝗蟲具備飛行能力。飛行蝗蟲可以使用俯衝降落地面展開攻擊。	1
强酸脊刺	Acid Spines	2
强酸脊刺	強酸脊刺	1
自由射击	自由開火	2
自由射击	Weapons Free	1
治疗	治療	2
治疗	Heal	1
迷宫式隐形迷彩	動能熾焰	1
迷宫式隐形迷彩	迷境護罩	2
全部卸载	全部卸載	5
全部卸载	卸載全部	1
大和炮	大和砲	3
大和炮	大和流師範	2
强大的皇家卫队战舰。可以使用大和炮与战术跳跃。在星港中建造。<n/><n/><c val="#ColorAttackInfo">可以对地和对空。</c>	威力強大的皇家守衛戰艦。可以使用大和砲和戰術躍傳。<n/><n/><c val="#ColorAttackInfo">可攻擊地面及空中單位。</c>	1
强大的皇家卫队战舰。可以使用大和炮与战术跳跃。在星港中建造。<n/><n/><c val="#ColorAttackInfo">可以对地和对空。</c>	威力強大的皇家守衛戰艦。可以使用大和砲和戰術躍傳。由星際港生產。<n/><n/><c val="#ColorAttackInfo">可攻擊地面及空中單位。</c>	1
建造在瓦斯气泉上，用于采集高能瓦斯。	躍傳在高能瓦斯湧源上方，以採集高能瓦斯。	2
建造在瓦斯气泉上，用于采集高能瓦斯。	在高能瓦斯湧源上方突變以採集高能瓦斯。	2
建造在瓦斯气泉上，用于采集高能瓦斯。	建造在高能瓦斯湧源上方，以採集高能瓦斯。	2
专业对空攻击手。可以切换为劳工。<n/><n/><c val="#ColorAttackInfo">可以对地和对空。</c>	對空特種單位。可以切換為勞工。<n/><n/><c val="#ColorAttackInfo">可攻擊地面及空中單位。</c>	1
专业对空攻击手。可以切换为劳工。<n/><n/><c val="#ColorAttackInfo">可以对地和对空。</c>	反步兵特種單位。可以切換為勞工。<n/><n/><c val="#ColorAttackInfo">可攻擊地面單位。</c>	1
空对空激光炮组	ATA Laser Battery	2
空对空激光炮组	ATA雷射砲	2
空对地激光炮组	ATS Laser Battery	2
空对地激光炮组	ATS雷射砲	2
C-10型霰弹步枪	C-10 Canister Rifle	1
C-10型霰弹步枪	C-10步槍	1
+~A~%	+~A~%	44
+~A~%	-~A~%	1
长箭飞弹	Longbolt Missile	3
长箭飞弹	神箭手飛彈	2
骨针	Needle Spines	3
骨针	針脊刺	2
惩罚者榴弹	Punisher Grenades	4
惩罚者榴弹	制裁者榴彈	2
利爪	Talons	2
利爪	蟲爪	6
Lurker Tunneling Burst	遁地獸穿隧爆發	1
Lurker Tunneling Burst	Lurker Tunneling Burst	1
超级护盾	超級護盾	1
超级护盾	Super Shield	1
冲锋	衝鋒中	1
冲锋	衝鋒	2
爆炸	爆炸	2
爆炸	噴射	1
艾星生产等级2	斯特衛星產線等級2	1
艾星生产等级2	斯特衛星製造等級2	1
艾星生产等级3	斯特衛星產線等級3	1
艾星生产等级3	斯特衛星製造等級3	1
机械孵化场的更高级形态，为机械异虫提供更多的升级方案和建筑方案。可孵化所有机械异虫单位和接收采集到的资源。	高度進化後的機甲孵化所，可使用更多升級和建造更多建築，同時還可孵化所有機甲蟲族單位，以及接收採集的資源。	1
机械孵化场的更高级形态，为机械异虫提供更多的升级方案和建筑方案。可孵化所有机械异虫单位和接收采集到的资源。	進化後的機甲孵化所，可使用更多升級和建造更多建築，同時還可孵化所有機甲蟲族單位，以及接收採集的資源。	1
刺针利爪	Needle Claws	1
刺针利爪	針爪	1
寄生孢子	Parasite Spore	2
寄生孢子	寄生孢子	2
隐形力场	匿蹤力場	4
隐形力场	Cloaking Field	1
EMP	電磁脈衝波	3
EMP	EMP	6
能量反蚀	潰蝕	2
能量反蚀	Feedback	3
定点防御无人机	進階定點防禦無人機	1
定点防御无人机	定點防禦無人機	5
MutatorBuyCandy	異變機制 - 買糖果	1
MutatorBuyCandy	MutatorBuyCandy	1
Nova Griffin Bombing Run Targeting Dummy	諾娃 - 獅鷲艦 - 出動轟炸 -  瞄準假人	1
Nova Griffin Bombing Run Targeting Dummy	Nova Griffin Bombing Run Targeting Dummy	1
SIBarracksTrainAberration	斯杜科夫感染_兵營_訓練_變異體	1
SIBarracksTrainAberration	斯杜科夫感染_兵營_訓練變異體	1
SIBarracksTrainInfestedMarine	斯杜科夫感染_兵營_訓練_受感染的陸戰隊	1
SIBarracksTrainInfestedMarine	斯杜科夫感染_兵營_訓練受感染的陸戰隊	1
霉菌滋生	真菌增生	4
霉菌滋生	Fungal Growth	3
腐化	腐化	4
腐化	Corruption	4
Void Shard ACUnstable Energy	虛空晶體 - 合作任務 - 異變能量	2
Void Shard ACUnstable Energy	Void Shard ACUnstable Energy	1
Void Shard ACVoid Zone	虛空晶體 - 合作任務 - 虛空領域	1
Void Shard ACVoid Zone	Void Shard ACVoid Zone	2
虚空裂片AC不稳能量	虛空晶塊合作任務不穩定的能量	2
虚空裂片AC不稳能量	虛空晶體合作任務不穩定的能量	1
地堡	碉堡	6
地堡	Bunker	1
航母艾尔	航空母艦 - 艾爾	1
航母艾尔	巨像 - 艾爾	1
吞噬者	吞噬者	1
吞噬者	吞噬獸	1
吞噬者	吞噬蟲	1
维京战机	維京戰機	5
维京战机	維京戰機（戰機模式）	1
孢子爬虫	孢子爬行蟲	3
孢子爬虫	孢子爬行蟲武器	1
求生无路	死亡之夜	1
求生无路	亡者之夜	1
势不可挡	能量激發	2
势不可挡	擋不住的力量	1
隐形	匿蹤	1
隐形	已匿蹤	1
黑暗圣堂武士召回	黑暗聖堂武士 - 召回中	1
黑暗圣堂武士召回	召回黑暗聖堂武士	1
空投舱急速	空投艙 - 加速	1
空投舱急速	空投艙加速	1
On Death Vorazun Recall On Death Recently Recalled	死亡 - 芙菈森 - 瀕死傳送 - 最近剛召回過	1
On Death Vorazun Recall On Death Recently Recalled	On Death Vorazun Recall On Death Recently Recalled	1
感染虫群	Infested Swarm	1
感染虫群	受感染的蟲群	1
Symb Create Controller	共生體 - 創造控制器	1
Symb Create Controller	Symb Create Controller	1
Void Shard ACDamage Field Debuff	虛空晶體 - 合作任務 - 傷害力場 - 減益	1
Void Shard ACDamage Field Debuff	Void Shard ACDamage Field Debuff	1
攻击和移动速度降低。	攻擊和移動速度降低。	8
攻击和移动速度降低。	攻擊速度和移動速度降低。	2
该单位的护甲提高了。	這個單位的裝甲值提高了。	1
该单位的护甲提高了。	此單位的裝甲值提高。	1
该单位被眩晕，其侦测能力已失效。	此單位已昏迷，並且失去偵測功能。	1
该单位被眩晕，其侦测能力已失效。	此單位已昏迷，並且使偵測功能失效。	1
热能射线枪	Thermal Lances	7
热能射线枪	熱能射線	1
折跃母舰	訓練聖母艦	1
折跃母舰	躍傳聖母艦	1
培育爆蚊	自殺蟲孵育	1
培育爆蚊	孵育自殺蟲	1
切割之爪	削切之刃	3
切割之爪	鋒銳之刃	1
已锁定	已鎖定	1
已锁定	未解鎖	3
已锁定	未解開	2
孵化虫后	訓練后蟲	1
孵化虫后	生產后蟲	1
修理太阳锻炉	修復太陽能冶煉廠	1
修理太阳锻炉	修復太陽能冶煉廠。	1
研究后燃充能	研發後燃器	3
研究后燃充能	研發戰神級瞄準系統	1
执政官战甲	司法官防護機甲	1
执政官战甲	司法官防護機甲啟動	1
压制弹	壓制彈	1
压制弹	震撼彈	1
暴龙兽	轟雷獸	2
暴龙兽	暴虐獸	1
一种能从地下采集瓦斯的高级精炼厂，能使用短距折跃力场将高能瓦斯直接送往指挥中心。<n/><n/><c val="FFFF8A">无需建在瓦斯气泉上。</c>	未使用。從地底採集瓦斯的先進瓦斯精煉廠，並且能把精煉過的瓦斯透過短程躍傳力場直接送到指揮中心。<n/><n/><c val="FFFF8A">不需要建造在高能瓦斯湧源上。</c>	1
一种能从地下采集瓦斯的高级精炼厂，能使用短距折跃力场将高能瓦斯直接送往指挥中心。<n/><n/><c val="FFFF8A">无需建在瓦斯气泉上。</c>	從地底採集瓦斯的先進瓦斯精煉廠，並且能把精煉過的瓦斯透過短程躍傳力場直接送到指揮中心。<n/><n/><c val="FFFF8A">不需要建造在高能瓦斯湧源上。</c>	1
远程对地飞行单位。<n/><n/><c val="ffff8a">可以对地。</c>	長程對地空中單位。<n/><n/><c val="ffff8a">可攻擊地面單位。</c>	1
远程对地飞行单位。<n/><n/><c val="ffff8a">可以对地。</c>	長程對地飛行單位。<n/><n/><c val="ffff8a">可攻擊地面單位。</c>	1
<n/><n/><c val="FFFF8A">精通：</c>冷却时间缩短<c val="FFFF8A"><d ref="Effect,MasteryZeratulAvatarCooldownDisplayDummy,Amount" player="current"/></c>秒。	<n/><n/><c val="FFFF8A">大師：</c>冷卻時間降低<c val="FFFF8A"><d ref="Effect,MasteryZeratulAvatarCooldownDisplayDummy,Amount" player="current"/></c>。	1
<n/><n/><c val="FFFF8A">精通：</c>冷却时间缩短<c val="FFFF8A"><d ref="Effect,MasteryZeratulAvatarCooldownDisplayDummy,Amount" player="current"/></c>秒。	<n/><n/><c val="FFFF8A">大師：</c>冷卻時間降低<c val="FFFF8A"><d ref="Effect,MasteryZeratulAvatarCooldownDisplayDummy,Amount" player="current"/></c>秒。	1
通用型被感染的步兵，持续存在<d ref="Behavior,SIInfestedBunkerTrainTimedLife,Duration"/>秒。<n/><n/><c val="#ColorAttackInfo">可以对地和对空。</c>	泛用型受感染的步兵。<n/>存活時間為<d ref="Behavior,SIInfestedBunkerTrainTimedLife,Duration"/>秒。<n/><n/><c val="#ColorAttackInfo">可攻擊地面及空中單位。</c>	1
通用型被感染的步兵，持续存在<d ref="Behavior,SIInfestedBunkerTrainTimedLife,Duration"/>秒。<n/><n/><c val="#ColorAttackInfo">可以对地和对空。</c>	泛用型受感染的步兵。可存活<d ref="Behavior,SIInfestedBunkerTrainTimedLife,Duration"/>秒。<n/><n/><c val="#ColorAttackInfo">可攻擊地面及空中單位。</c>	2
将超维空间巨石投射至目标位置，同时传递其所有护盾和武器，持续<d ref="Behavior,ZeratulPhotonCannonProjection,Duration"/>秒。超维空间巨石在该技能激活期间处于失效状态。	在目標位置投影超立方水晶碑，並將護盾與武器轉移至投影上，持續<d ref="Behavior,ZeratulPhotonCannonProjection,Duration"/>秒。此技能啟動時，超立方水晶碑會處於關閉狀態。	1
将超维空间巨石投射至目标位置，同时传递其所有护盾和武器，持续<d ref="Behavior,ZeratulPhotonCannonProjection,Duration"/>秒。超维空间巨石在该技能激活期间处于失效状态。	在目標位置投影超立方加農砲，並將護盾與武器轉移至投影上，持續<d ref="Behavior,ZeratulPhotonCannonProjection,Duration"/>秒。此技能啟動時，超立方加農砲會處於關閉狀態。	1
ACPirate Capital Ship Tractor Beam	AC - 海盜主力艦 - 牽引光束	1
ACPirate Capital Ship Tractor Beam	ACPirate Capital Ship Tractor Beam	2
ACPirate Capital Ship Tractor Beam	合作任務 - 海盜主力艦 - 牽引光束	1
Auto Inject Larva	自動產卵	2
Auto Inject Larva	Auto Inject Larva	1
聚变弹头	Nuke	5
聚变弹头	核彈	1
升级	升級	4
升级	階級提升	1
<c val="FF9800">你的英雄已阵亡。</c>	<c val="FF9800">你的英雄陣亡了。</c>	2
<c val="FF9800">你的英雄已阵亡。</c>	<c val="FF9800">你的英雄復活了。</c>	1
设定比例 ~A~	SetScale ~A~	1
设定比例 ~A~	設定比例~A~	2
混合体不朽者	混源體 - 不朽者	1
混合体不朽者	混源體不朽者	2
NYI	NYI	1
NYI	需要更多資訊	1
关闭	停用	2
关闭	關閉	9
胜利	獲勝	1
胜利	勝利	1
返回	繼續	1
返回	返回	4
被感染的人类	受感染的人類	3
被感染的人类	Infested Terrans	1
空	無	1
空	空的欄位	1
普通	中等	1
普通	普通	2
普通	一般	5
异虫飞行生物甲壳	蟲族空中單位的蟲殼	1
异虫飞行生物甲壳	蟲族空中單位的裝甲	1
异虫地面单位甲壳	蟲族地面單位的蟲殼	1
异虫地面单位甲壳	蟲族地面單位的裝甲	1
-~A~%消耗	-~A~%花費	1
-~A~%消耗	花費-~A~%	1
~NAME~ ~CUSTOM~	~NAME~~CUSTOM~	9
~NAME~ ~CUSTOM~	~NAME~ ~CUSTOM~	3
~NAME~ <s val="@@ObjectivePanelProgress">(~CUSTOM~)</s>	~NAME~<s val="@@ObjectivePanelProgress">（~CUSTOM~）</s>	3
~NAME~ <s val="@@ObjectivePanelProgress">(~CUSTOM~)</s>	~NAME~ <s val="@@ObjectivePanelProgress">(~CUSTOM~)</s>	1
~NAME~ <s val="@@ObjectivePanelProgress">(~CUSTOM~)</s>	~NAME~ <s val="@@ObjectivePanelProgress">（~CUSTOM~）</s>	2
消耗战	消耗戰	1
消耗战	兩敗俱傷	1
舒特	Schutter	1
舒特	Shute	1
反冲火箭	Backlash Rockets	3
反冲火箭	震裂火箭	2
相位碎裂炮	Phase Disruptors	1
相位碎裂炮	相位阻斷砲	1
灵能冲击波	Psionic Shockwave	1
灵能冲击波	幽能衝擊波	1
烈性爆弹	Volatile Burst	3
烈性爆弹	蝕血瞬炸	2
灵能利刃	Psi Blades	1
灵能利刃	幽能之刃	1
地狱火喷射器	Infernal Flame Thrower	4
地狱火喷射器	地獄火焰發射器	2
曲光战刃	Warp Blades	1
曲光战刃	空間之刃	1
无敌护盾	無敵護盾	2
无敌护盾	無敵防護	1
折跃	躍傳中	1
折跃	躍傳	2
D-8型炸药	D-8炸藥	3
D-8型炸药	D-8 Charge	2
悬浮恶蝠模式	懸浮戰狼模式	1
悬浮恶蝠模式	懸浮惡狼模式	1
使用猎杀飞弹武器替换猎杀飞弹技能，可自动攻击敌方单位且不会消耗能量。	用獵殺導引飛彈這項武器來取代導引飛彈技能，它會自動攻擊敵方單位，而且不消耗能量。	1
使用猎杀飞弹武器替换猎杀飞弹技能，可自动攻击敌方单位且不会消耗能量。	用導引飛彈武器取代導引飛彈技能，它可以自動攻擊敵方單位，而且不消耗能量。	1
头像	玩家頭像	1
头像	頭像	1
人类舰船钢板	人類船艦的合金板	1
人类舰船钢板	人類船艦的裝甲	1
人类战车钢板	人類載具的合金板	1
人类战车钢板	人類載具的裝甲	1
Rick Wasserman	符爽	1
Rick Wasserman	曹冀魯	1
Patrick Seitz	夏治世	1
Patrick Seitz	林谷珍	1
Patrick Seitz	曹冀魯	1
Tricia Helfer	姜瑰瑾	1
Tricia Helfer	蔣篤慧	1
Fred Tatasciore	田志傑	1
Fred Tatasciore	宋克軍	2
Armin Shimerman	李香生	1
Armin Shimerman	邱展文	1
Armin Shimerman	曹冀魯	1
Nika Futterman	雷碧文	1
Nika Futterman	姜瑰瑾	1
Nika Futterman	李明幸	1
自定义镜头01	自訂鏡頭 01	1
自定义镜头01	Custom Camera 01	1
自定义镜头02	自訂鏡頭 02	1
自定义镜头02	Custom Camera 02	1
自定义镜头03	自訂鏡頭 03	1
自定义镜头03	Custom Camera 03	1
自定义镜头04	自訂鏡頭 04	1
自定义镜头04	Custom Camera 04	1
远	Far	1
远	遠	1
过肩	肩部	1
过肩	Shoulder	1
在隐形潜入任务中，诺娃的停火<k val="Ghost,GhostHoldFire,1,2"/>技能非常有用，可以防止她自动攻击敌方目标。	在匿蹤入侵任務中，諾娃的「停火<k val="Ghost,GhostHoldFire,1,2"/>」相當實用，可以避免她自動攻擊敵方目標。	1
在隐形潜入任务中，诺娃的停火<k val="Ghost,GhostHoldFire,1,2"/>技能非常有用，可以防止她自动攻击敌方目标。	在匿蹤入侵任務中，諾娃的停火<k val="Ghost,GhostHoldFire,1,2"/>技能相當實用，可以避免她自動攻擊敵方目標。	1
在记忆闪回阶段所做的单位选择，直接决定你将遭遇的异虫类型。请明智选择。	你在回憶重現片段中所選擇的單位，將決定你接下來會遇到的敵軍種類。謹慎選擇。	1
在记忆闪回阶段所做的单位选择，直接决定你将遭遇的异虫类型。请明智选择。	你在諾娃回憶片段當中做出的選擇，將決定接下來所遇到的蟲族類型。好好做決定。	1
诺娃独自一人深入敌后。如果她死了，一切都完了。	諾娃越過敵軍防線後，一切只能靠她自己。要是她死了，一切都完了。	1
诺娃独自一人深入敌后。如果她死了，一切都完了。	諾娃深入敵陣後，一切只能靠她自己。要是她死了，一切都完了。	1
播放	播放	2
播放	開始遊戲	1
潜入点	潛入地點	1
潜入点	潛入點	1
使用ATX激光炮组替换战列巡航舰的制式武器，可以同时瞄准并攻击多个目标。	將戰巡艦的標準武器替換為ATX雷射發射器，它可以同時瞄準並攻擊多個敵方單位。	1
使用ATX激光炮组替换战列巡航舰的制式武器，可以同时瞄准并攻击多个目标。	用ATX雷射發射器取代戰巡艦的標準武器，它可以同時瞄準並攻擊多個敵方單位。	1
吉娜拉会试图赶在你使用萃取设施之前将它们悉数摧毁。你必须阻止她，否则你将无法采集足够多的地嗪。	吉娜拉會試圖在你使用態化氫萃取裝置之前摧毀它。別讓她成功，否則你無法收集到足夠的態化氫。	1
吉娜拉会试图赶在你使用萃取设施之前将它们悉数摧毁。你必须阻止她，否则你将无法采集足够多的地嗪。	吉娜拉打算在你使用態化氫萃取裝置之前摧毀它。阻止她，否則你無法收集到足夠的態化氫。	1
退出	離開	4
退出	離開遊戲	1
Lurker Hold Fire	遁地獸停止攻擊	1
Lurker Hold Fire	Lurker Hold Fire	1
Oracle Stasis Ward	先知艦 - 靜滯詭雷	1
Oracle Stasis Ward	Oracle Stasis Ward	1
Parasitic Bomb	寄生炸彈	1
Parasitic Bomb	Parasitic Bomb	4
Purification Nova	淨化光球	1
Purification Nova	Purification Nova	7
Purification Nova Morph	淨化光球 - 變形	1
Purification Nova Morph	Purification Nova Morph	1
Purification Nova Morph Back	淨化光球 - 變形回去	1
Purification Nova Morph Back	Purification Nova Morph Back	1
Release Interceptors	派遣攔截機	1
Release Interceptors	Release Interceptors	1
幻像与本体单位的功能相似，但无法使用主动技能或造成伤害，并且更容易死亡。幻像在持续<d time="60"/>后消失。	此幻影分身可像真身一樣行動，但是無法造成傷害或使用技能，而且較容易死亡。幻影分身在消失前可持續<d time="60"/>。	6
幻像与本体单位的功能相似，但无法使用主动技能或造成伤害，并且更容易死亡。幻像在持续<d time="60"/>后消失。	這些幻影分身可像真身一樣行動，但是無法造成傷害或使用技能，而且較容易死亡。幻影分身在消失前可持續<d time="60"/>。	3
幻像与本体单位的功能相似，但无法使用主动技能或造成伤害，并且更容易死亡。幻像在持续<d time="60"/>后消失。	這些幻影分身可像真身一樣行動，但是無法造成傷害、躍傳建築或採集資源，而且較容易死亡。幻影分身在消失前可持續<d time="60"/>。	1
中子照明弹	Neutron Flare	1
中子照明弹	中子光彈	1
常规	一般	1
常规	普通	1
常规	正常	1
常规	一般顯示模式	1
障碍物	障礙物	31
障碍物	路障	1
菌毯喷溅	散播蟲苔	1
菌毯喷溅	蟲苔噴沫	1
母舰核心 武器	母艦核心 - 武器	1
母舰核心 武器	母艦核心武器	1
拾取瓦斯储罐	可拾取的瓦斯箱	1
拾取瓦斯储罐	拾取瓦斯箱	1
拾取晶体矿箱	可拾取的晶礦箱	1
拾取晶体矿箱	拾取晶礦箱	1
绑架	劫持	3
绑架	Abduct	4
延伸桥梁 向东北伸展桥梁 宽度10 结束	開合橋 - 伸縮式開合橋 - 東北 -  寬10  - 已展開	1
延伸桥梁 向东北伸展桥梁 宽度10 结束	開合橋 - 伸縮式開合橋 - 西北 -  寬10  - 已展開	1
延伸桥梁 向东北伸展桥梁 宽度12 结束	開合橋 - 伸縮式開合橋 - 東北 -  寬12  - 已展開	1
延伸桥梁 向东北伸展桥梁 宽度12 结束	開合橋 - 伸縮式開合橋 - 西北 -  寬12  - 已展開	1
延伸桥梁 向东北伸展桥梁 宽度8 结束	開合橋 - 伸縮式開合橋 - 東北 -  寬8  - 已展開	1
延伸桥梁 向东北伸展桥梁 宽度8 结束	開合橋 - 伸縮式開合橋 - 西北 -  寬8  - 已展開	1
隐藏	隱藏	4
隐藏	已隱藏	1
奥丁矩阵 虚拟	奧丁 - 矩陣 - 模型	1
奥丁矩阵 虚拟	奧丁 - 矩陣	1
遭到摧毁后将阻挡通道或资源点的人类塔。	可被摧毀的石堆，可用以截斷通往新的區域或資源地點的進出路徑。	1
遭到摧毁后将阻挡通道或资源点的人类塔。	可被摧毀的建築，可用以截斷通往新的區域或資源地點的進出路徑。	2
大师	大師	1
大师	裁判官	1
信徒	信徒	1
信徒	門徒	1
残骸	碎塊	3
残骸	殘骸	1
电脑	A.I.	1
电脑	電腦	1
污染	污染	2
污染	Contaminate	1
伪装成持有护盾的陆战队员	偽裝成配備盾牌的陸戰隊	1
伪装成持有护盾的陆战队员	Disguise As Marine With Shield	1
伪装成没有护盾的陆战队员	偽裝成未配備盾牌的陸戰隊	1
伪装成没有护盾的陆战队员	Disguise As Marine Without Shield	1
伪装成狂热者	偽裝成狂戰士	1
伪装成狂热者	Disguise As Zealot	1
伪装成长有双翼的跳虫	偽裝成擁有翅膀的異化蟲	1
伪装成长有双翼的跳虫	Disguise As Zergling With Wings	1
伪装成没有双翼的跳虫	偽裝成沒有翅膀的異化蟲	1
伪装成没有双翼的跳虫	Disguise As Zergling Without Wings	1
力场	力場	3
力场	Force Field	1
守护者之盾	守衛者護盾	3
守护者之盾	Guardian Shield	3
被感染的人类产卵	受感染的人類產卵	1
被感染的人类产卵	Infested Terrans Lay Egg	1
能量吸噬	蟲蝕	4
能量吸噬	Leech	6
制造	建造	1
制造	訓練	1
瓦解建筑	侵蝕建築	1
瓦解建筑	攻擊建築	1
析象扫描	觀測儀掃描	2
析象扫描	Scanner Sweep	1
星河漩涡	漩渦	3
星河漩涡	Vortex	2
教程二	指導 3	1
教程二	指導 2	1
教程三	指導 2	1
教程三	指導 3	1
自定义游戏	自訂遊戲	2
自定义游戏	自訂	2
侦察单位已死亡，再派遣一个。	先前的偵察單位死了，再派出另一個偵察單位。	1
侦察单位已死亡，再派遣一个。	偵察單位已死亡，派出另一個偵察單位。	1
变异完成	轉換完成。	2
变异完成	變形完成。	1
隐秘行动	秘密行動	2
隐秘行动	特務密探	3
虚空先驱	虛空使者	1
虚空先驱	奪得先機	1
拟态	偽裝	1
拟态	Disguise	3
暂停	暫停	3
暂停	已暫停	1
暂停	Pause 鍵	1
定点防御激光	定點防禦雷射	2
定点防御激光	Point Defense Laser	6
建造建筑	建造建築	1
建造建筑	建造的建築	2
攻城模式变形时间-50%。攻城状态下的护甲提高3点。	攻城模式的變形時間降低50%。變形後裝甲值提高3點。	1
攻城模式变形时间-50%。攻城状态下的护甲提高3点。	攻城模式的變形時間降低50%。變形後裝甲提高3點。	1
羊	羊	3
羊	Sheep	1
高	高	5
高	高度	1
重试	重試	1
重试	重試一次	1
人类单位生产	人類_生產單位	1
人类单位生产	生產人類單位	1
巢虫护卫	Broodling Escort	1
巢虫护卫	寄生蟲護衛	1
拦截机射线	Interceptor Beam	1
拦截机射线	攔截機光束	1
离子炮	Ion Cannons	3
离子炮	離子加農砲	2
粒子光束	Particle Beam	1
粒子光束	粒子光束	1
合作任务中等难度50	合作 - 指揮官 - 難度 - 困難50	1
合作任务中等难度50	合作 - 指揮官 - 難度 - 普通50	1
合作任务中等难度500	合作 - 指揮官 - 難度 - 困難500	1
合作任务中等难度500	合作 - 指揮官 - 難度 - 普通500	1
合作任务中等难度75	合作 - 指揮官 - 難度 - 困難75	1
合作任务中等难度75	合作 - 指揮官 - 難度 - 普通75	1
2012 BWC	2012年Battle.net世界盃聯賽	5
2012 BWC	2012 Battle.net世界盃聯賽	1
暗黑破坏神	暗黑破壞神	3
暗黑破坏神	迪亞布羅	2
核平这里	按此發射核彈	1
核平这里	核彈炸這	1
钱袋	晶礦包	1
钱袋	錢袋	1
飞车党	資源回收	6
飞车党	末日浩劫	2
白骨	骨頭	1
白骨	外骨骼	1
原始虫后	原生刀鋒女皇	1
原始虫后	原生后蟲	1
建筑	建築	4
建筑	建築中	1
消灭的人口	生產人口 - 擊殺	1
消灭的人口	使用人口 - 擊殺	1
损失的人口	生產人口 - 損失	1
损失的人口	使用人口 - 損失	1
高能瓦斯平均储量	平均貯存的晶礦量	1
高能瓦斯平均储量	平均貯存的高能瓦斯量	1
单位生产用资源	建造單位的總資源數值	1
单位生产用资源	單位數值	1
消灭敌方单位	擊殺的敵方單位	1
消灭敌方单位	擊殺的單位計數	1
基础虫道网络	基本地下通道	1
基础虫道网络	基本蟲殖地網	1
机械化部队(经济)	傳送門加不朽者（經濟型）	1
机械化部队(经济)	機械流（經濟型）	1
高产瓦斯气泉	高濃度瓦斯湧源	1
高产瓦斯气泉	高產量高能瓦斯湧源	1
足球	橄欖球	2
足球	足球	1
圆环体	圓環	1
圆环体	托勒斯	1
挑战任务	挑戰模式	5
挑战任务	挑戰遊戲	1
挑战任务	挑戰	1
战役	劇情戰役	9
战役	自訂戰役	1
未知	不明	4
未知	未知	3
光晕	Halo	1
光晕	光暈	1
音效	聲音	2
音效	音效	3
已开启	啟用	2
已开启	已啟用	1
镜面光颜色倍数	反光顏色乘數	1
镜面光颜色倍数	顏色乘數 - 反光	1
变量	變量	1
变量	變數	3
已禁用	停用	1
已禁用	關閉	1
线性	線型演算	1
线性	線性	1
极高	極度	2
极高	極限	2
开启	啟用	2
开启	開啟	3
正在搜寻%queueName%	正在搜尋%queueName%	1
正在搜寻%queueName%	搜尋%queueName%遊戲中	1
顺序排列	格線	3
顺序排列	鍵盤網格配置	1
Alt	Alt 鍵	1
Alt	Alt	1
回格键	Backspace 鍵	1
回格键	退格鍵	1
浏览器后退	瀏覽器上一頁鍵	1
浏览器后退	上頁	1
浏览器前进	瀏覽器下一頁鍵	1
浏览器前进	下頁	1
大写锁定	Caps Lock 鍵	1
大写锁定	Caps Lock	1
删除键	Delete 鍵	1
删除键	Del	1
方向键下	下方向鍵	1
方向键下	Dwn	1
起始键	Home 鍵	1
起始键	起始	1
插入键	Insert 鍵	1
插入键	Ins	1
方向键左	左方向鍵	1
方向键左	左	1
媒体键音量提高	下一頻道鍵	1
媒体键音量提高	上一頻道	1
媒体键音量降低	下一頻道	1
媒体键音量降低	上一頻道鍵	1
媒体键快放	快轉鍵	1
媒体键快放	快轉	1
媒体键下一曲	下一首鍵	1
媒体键下一曲	下一首	1
媒体键暂停	暫停鍵	1
媒体键暂停	暫停	1
媒体键播放	播放鍵	1
媒体键播放	播放	1
媒体键暂停播放	播放/暫停鍵	1
媒体键暂停播放	播放/暫停	1
媒体键上一曲	上一首鍵	1
媒体键上一曲	上一首	1
媒体键倒回	倒轉鍵	1
媒体键倒回	倒轉	1
媒体键停止	停止鍵	1
媒体键停止	停止	1
下页键	Page Down 鍵	1
下页键	PgDn	1
上页键	Page Up 鍵	1
上页键	PgUp	1
截屏键	Print Screen 鍵	1
截屏键	PSc	1
方向键右	右方向鍵	1
方向键右	右	1
滚动锁定键	Scroll Lock 鍵	1
滚动锁定键	Scroll Lock	1
正在等待	等待	1
正在等待	等待中	1
本地	區域變數	1
本地	區域	1
本地	本地	1
专化	專精化	1
专化	專精化進行中	1
活动	活動	3
活动	啟用中	1
消灭	擊殺	2
消灭	已擊殺	2
生命值	生命	2
生命值	主狀態值	1
生命值	生命值	1
最大生命值	最大生命值	1
最大生命值	最大主狀態值	1
生命值%	生命值％	1
生命值%	主狀態值%	1
队伍	隊伍	3
队伍	團隊	2
邀请加入战队	邀請至戰隊	1
邀请加入战队	邀請加入戰隊	1
添加电脑	加入A.I.	1
添加电脑	新增電腦	1
添加电脑	其他全選A.I.	1
电脑（%difficulty%）	A.I.（%difficulty%）	1
电脑（%difficulty%）	電腦（%difficulty%）	1
合作任务	合作任務	2
合作任务	合作	1
<s val="HomeLFPNameText">%n0%</s>、<s val="HomeLFPNameText">%n1%</s>、<s val="HomeLFPNameText">%n2%</s>和<s val="HomeLFPNameText">%n3%</s>	<s val="HomeLFPNameText">%n0%</s>、<s val="HomeLFPNameText">%n1%</s>、<s val="HomeLFPNameText">%n2%</s>與<s val="HomeLFPNameText">%n3%</s>	1
<s val="HomeLFPNameText">%n0%</s>、<s val="HomeLFPNameText">%n1%</s>、<s val="HomeLFPNameText">%n2%</s>和<s val="HomeLFPNameText">%n3%</s>	<s val="HomeLFPNameText">%n0%</s>、<s val="HomeLFPNameText">%n1%</s>、 <s val="HomeLFPNameText">%n2%</s>與<s val="HomeLFPNameText">%n3%</s>	1
请求加入队伍	請求加入隊伍	1
请求加入队伍	請求加入	1
特别感谢	SPECIAL THANKS	1
特别感谢	特別感謝	3
继续	繼續	2
继续	續	1
开始(<h/>P)	開始執行	1
开始(<h/>P)	開始執行（<h/>P）	1
创建	創建	2
创建	建立	1
其他音乐制作人员	其他音樂製作人員	1
其他音乐制作人员	其他音樂	1
分析师	分析師	1
分析师	分析人員	1
美术	美術設計	1
美术	美術人員	1
设计师	美術人員	1
设计师	設計人員	2
首席设计师	美術組長	1
首席设计师	美術統籌	1
首席设计师	設計統籌	2
Dan Gilvezan	曹冀魯	1
Dan Gilvezan	陳幼文	1
中国客户支持	中國客戶服務	1
中国客户支持	中國客服支援	1
指挥	合唱指揮	2
指挥	指揮	1
客户支持团队经理	顧客支援團隊經理	1
客户支持团队经理	客服支援團隊經理	1
Blair Bess	李香生	1
Blair Bess	柯志訓	1
Blair Bess	邱展文	1
部门主管	部門組長	1
部门主管	部門主管	2
编辑	編輯人員	4
编辑	編輯	1
Jonathan Cook	林谷珍	1
Jonathan Cook	李世揚	1
Paul Eiding	李香生	2
Paul Eiding	孫誠	1
Gary Anthony Williams	王希華	2
Gary Anthony Williams	曹冀魯	1
首席程序员	製作統籌	1
首席程序员	程式設計統籌	3
质量监控	品保部	1
质量监控	品保部門	1
技术质量监控	技術品保部	1
技术质量监控	技術品保部門	1
技术文档工程师	技術文案人員	1
技术文档工程师	技術文案	1
全球人力资源副总裁	全球人力資源部門副總經理	1
全球人力资源副总裁	全球人力資源副總經理	1
配音	語音	1
配音	配音	1
助理编辑	助理編輯	2
助理编辑	副編輯	1
Steve Blum	林谷珍	1
Steve Blum	葉三陽、胡鎮壐	1
混音师	FOLEY 混音人員	1
混音师	STEM混音處理	1
当前	目前	1
当前	目前版本	1
描述：	地圖描述：	1
描述：	描述：	1
持续时间：	持續時間：	2
持续时间：	遊戲時間：	1
贴图	已貼圖磚	1
贴图	材質設定	1
更快	最快	2
更快	快轉	1
新建文件夹	新增檔案夾	1
新建文件夹	新資料夾	2
新建文件夹	新增資料夾	1
重新开始	重新啟動	1
重新开始	重啟遊戲	1
重新开始	重新開始	1
加载录像	載入戰鬥錄影	1
加载录像	戰鬥錄影	1
多人游戏	多人對戰的遊戲	1
多人游戏	多人對戰	3
始终显示	顯示全部	1
始终显示	永遠顯示模式	1
选中单位	顯示選取	1
选中单位	選取顯示模式	1
平局	平手	1
平局	平手！	1
部分画面设置需要重启游戏后才能生效。现在就重启游戏吗？	某些遊戲設定需重新啟動遊戲才會生效。你要現在重新啟動嗎？	1
部分画面设置需要重启游戏后才能生效。现在就重启游戏吗？	某些圖形設定需重新啟動遊戲才會生效。你要現在重新啟動嗎？	1
开始教学模式	播放教學	1
开始教学模式	進行教學	1
新！	新！	2
新！	新	1
辅助型	支援	1
辅助型	輔助	2
推荐	建議	2
推荐	主打	2
推荐	推薦	1
重放	重新開始	1
重放	戰鬥錄影	1
快速保存	快速存檔	1
快速保存	快速儲存	1
录制视频	錄至影像	1
录制视频	錄製影像	1
通用	通用	1
通用	全球	1
显示警告信息	顯示警告訊息	1
显示警告信息	顯示警示訊息	1
超大型	史詩型	1
超大型	巨型	1
开始游戏(<h/>P)	開始執行（<h/>P）	2
开始游戏(<h/>P)	開始遊戲（<h/>P）	1
支付	立即付款	1
支付	付費方式	1
总计	總計	1
总计	總量	2
统计	戰績統計	1
统计	統計	1
正在重新连接游戏，请稍候。	請等待遊戲重新連線。	1
正在重新连接游戏，请稍候。	請稍等，我們正在幫你重新連線回到遊戲。	1
观看录像	戰鬥錄影	1
观看录像	觀賞戰鬥錄影	1
商城暂时不可用，请稍后再试。	目前無法進入商店，請稍後再試。	1
商城暂时不可用，请稍后再试。	目前無法使用商店。請稍候再試。	1
离开	離開	1
离开	暫離	2
强化	戰鬥加成	1
强化	強化	1
%val%秒	%val%秒	3
%val%秒	%val%<lang rule="plural" val="%val%">秒,秒</lang>	1
消耗	消耗	1
消耗	已消耗	1
紫色	紫色	1
紫色	青紫色	1
%val%天	%val%<lang rule="plural" val="%val%">天,天</lang>	1
%val%天	%val%天	1
%val%小时	%val%<lang rule="plural" val="%val%">小時,小時</lang>	1
%val%小时	%val%小時	1
%val%分钟	%val%<lang rule="plural" val="%val%">分鐘,分鐘</lang>	1
%val%分钟	%val%分鐘	1
%val%周	%val%<lang rule="plural" val="%val%">星期,星期</lang>	1
%val%周	%val%週	1
%val%年	%val%<lang rule="plural" val="%val%">年,年</lang>	1
%val%年	%val%年	1
能量：	能量值：	1
能量：	能源：	1
等级：	等級：	1
等级：	階級：	1
